feature,total_gain
desc_BCUT2D_MRHI,555.0
desc_HallKierAlpha,404.0
desc_VSA_EState2,324.0
desc_BCUT2D_MRLOW,310.0
desc_MinPartialCharge,277.0
desc_PEOE_VSA1,268.0
desc_SlogP_VSA1,261.0
desc_SlogP_VSA8,253.0
desc_MaxPartialCharge,232.0
desc_fr_allylic_oxid,230.0
desc_SMR_VSA7,225.0
desc_SMR_VSA10,198.0
desc_VSA_EState4,188.0
desc_VSA_EState3,180.0
desc_TPSA,169.0
desc_PEOE_VSA8,168.0
desc_fr_ketone,166.0
desc_FractionCSP3,160.0
desc_MaxAbsPartialCharge,159.0
desc_fr_aldehyde,157.0
atompair_1216,155.0
desc_BCUT2D_MWLOW,154.0
desc_SlogP_VSA2,146.0
desc_SMR_VSA6,145.0
desc_VSA_EState5,140.0
desc_BCUT2D_CHGLO,138.0
desc_MinAbsPartialCharge,137.0
desc_BCUT2D_LOGPLOW,137.0
desc_fr_aniline,136.0
desc_BertzCT,131.0
desc_SlogP_VSA10,127.0
desc_SPS,125.0
desc_PEOE_VSA14,124.0
maccs_44,121.0
desc_PEOE_VSA7,121.0
desc_SlogP_VSA6,121.0
desc_VSA_EState7,117.0
desc_SlogP_VSA3,114.0
desc_PEOE_VSA13,112.0
desc_PEOE_VSA4,110.0
desc_BCUT2D_LOGPHI,110.0
desc_MolMR,109.0
desc_PEOE_VSA11,109.0
desc_BCUT2D_MWHI,108.0
desc_AvgIpc,106.0
desc_NumAmideBonds,106.0
desc_SlogP_VSA4,105.0
desc_BalabanJ,105.0
desc_NumHAcceptors,104.0
desc_fr_NH0,103.0
desc_MinEStateIndex,103.0
desc_SMR_VSA3,102.0
desc_qed,97.0
desc_PEOE_VSA6,94.0
desc_fr_Ar_NH,93.0
desc_BCUT2D_CHGHI,92.0
desc_MaxAbsEStateIndex,91.0
desc_VSA_EState1,89.0
desc_PEOE_VSA2,88.0
desc_PEOE_VSA3,88.0
desc_EState_VSA10,87.0
desc_PEOE_VSA10,85.0
desc_SlogP_VSA5,84.0
desc_fr_azo,84.0
maccs_82,83.0
torsion_96,80.0
morgan_314,78.0
desc_EState_VSA7,76.0
desc_SMR_VSA2,76.0
morgan_378,75.0
desc_fr_nitroso,75.0
desc_VSA_EState6,74.0
desc_fr_imidazole,74.0
desc_NumAliphaticRings,73.0
desc_PEOE_VSA9,72.0
morgan_864,72.0
desc_FpDensityMorgan3,70.0
desc_EState_VSA2,69.0
maccs_75,69.0
desc_EState_VSA8,67.0
desc_VSA_EState9,67.0
desc_MolLogP,66.0
desc_EState_VSA1,66.0
morgan_432,66.0
torsion_1460,65.0
desc_PEOE_VSA5,65.0
desc_EState_VSA6,64.0
desc_SlogP_VSA11,63.0
maccs_25,63.0
desc_MinAbsEStateIndex,62.0
desc_SMR_VSA5,62.0
maccs_40,61.0
atompair_1620,60.0
desc_SMR_VSA9,59.0
maccs_118,59.0
maccs_134,58.0
morgan_1114,58.0
desc_Kappa3,56.0
maccs_97,56.0
desc_EState_VSA4,55.0
desc_fr_hdrzone,51.0
maccs_105,51.0
desc_FpDensityMorgan2,51.0
maccs_84,51.0
maccs_157,51.0
desc_Chi4n,51.0
maccs_20,50.0
maccs_98,50.0
morgan_1073,50.0
desc_FpDensityMorgan1,50.0
morgan_1097,49.0
maccs_49,49.0
morgan_1855,49.0
desc_VSA_EState8,47.0
desc_EState_VSA3,47.0
desc_SMR_VSA4,47.0
desc_fr_ketone_Topliss,47.0
desc_Kappa2,47.0
desc_EState_VSA9,46.0
desc_Chi0n,46.0
desc_Kappa1,45.0
maccs_48,45.0
morgan_1087,44.0
atompair_926,44.0
maccs_100,44.0
morgan_84,43.0
morgan_1136,42.0
torsion_322,42.0
morgan_1542,42.0
morgan_1999,41.0
desc_EState_VSA5,41.0
atompair_1217,41.0
torsion_788,40.0
desc_fr_pyridine,40.0
maccs_62,40.0
maccs_68,40.0
atompair_925,40.0
torsion_1892,40.0
atompair_1080,39.0
desc_Phi,39.0
maccs_77,38.0
desc_SMR_VSA1,38.0
morgan_803,38.0
morgan_694,38.0
desc_NHOHCount,38.0
atompair_924,37.0
morgan_1448,37.0
morgan_1372,36.0
desc_fr_furan,36.0
desc_fr_para_hydroxylation,36.0
morgan_1344,36.0
atompair_1276,35.0
maccs_64,35.0
torsion_789,35.0
maccs_96,35.0
maccs_129,35.0
desc_fr_aryl_methyl,35.0
atompair_952,34.0
desc_PEOE_VSA12,34.0
morgan_1385,34.0
morgan_1926,33.0
atompair_744,32.0
desc_fr_Ar_N,32.0
maccs_76,32.0
maccs_51,32.0
maccs_121,32.0
maccs_61,32.0
morgan_547,32.0
morgan_368,32.0
desc_fr_N_O,32.0
desc_fr_ester,32.0
desc_fr_bicyclic,32.0
atompair_800,32.0
desc_Chi2n,31.0
atompair_1744,31.0
torsion_521,30.0
morgan_1004,30.0
atompair_1208,30.0
atompair_2008,29.0
torsion_97,29.0
desc_fr_NH1,28.0
torsion_1028,28.0
maccs_109,28.0
morgan_1814,28.0
morgan_1089,28.0
morgan_843,28.0
torsion_1060,28.0
maccs_15,28.0
atompair_1081,27.0
morgan_381,27.0
atompair_268,27.0
morgan_835,27.0
torsion_13,27.0
morgan_1300,27.0
morgan_1457,27.0
atompair_664,27.0
desc_fr_Imine,26.0
atompair_1305,26.0
torsion_1717,26.0
desc_NumAliphaticCarbocycles,26.0
maccs_150,26.0
desc_MolWt,25.0
morgan_2028,25.0
morgan_1794,25.0
desc_NumAromaticCarbocycles,25.0
desc_Ipc,25.0
atompair_1277,25.0
morgan_1808,25.0
maccs_112,24.0
morgan_935,24.0
desc_Chi0,24.0
desc_Chi3n,24.0
morgan_1224,24.0
torsion_1964,24.0
morgan_202,24.0
desc_fr_lactone,23.0
morgan_37,23.0
morgan_1476,23.0
atompair_1053,23.0
atompair_232,23.0
morgan_376,23.0
maccs_95,23.0
atompair_1596,23.0
morgan_1985,23.0
maccs_69,23.0
maccs_94,23.0
maccs_116,22.0
desc_NumAliphaticHeterocycles,22.0
desc_fr_nitrile,22.0
atompair_1624,22.0
torsion_1745,22.0
morgan_404,22.0
atompair_1912,22.0
torsion_1785,21.0
torsion_1749,21.0
atompair_1625,21.0
atompair_1373,21.0
torsion_1148,21.0
maccs_93,21.0
torsion_1484,21.0
morgan_523,21.0
morgan_862,21.0
maccs_56,21.0
morgan_145,21.0
desc_fr_phenol_noOrthoHbond,21.0
desc_NumAromaticHeterocycles,21.0
maccs_70,20.0
morgan_715,20.0
atompair_1304,20.0
atompair_1218,20.0
atompair_1256,20.0
torsion_125,20.0
atompair_1717,20.0
maccs_130,20.0
desc_fr_benzene,20.0
atompair_205,20.0
atompair_1041,20.0
morgan_31,20.0
atompair_1361,20.0
morgan_418,20.0
atompair_2005,20.0
morgan_1305,20.0
maccs_74,19.0
desc_fr_oxazole,19.0
morgan_1755,19.0
torsion_176,19.0
torsion_1096,19.0
torsion_1686,19.0
morgan_2029,19.0
atompair_1112,19.0
atompair_1209,19.0
torsion_1344,18.0
torsion_968,18.0
morgan_853,18.0
morgan_389,18.0
morgan_1529,18.0
atompair_928,18.0
morgan_1946,18.0
desc_HeavyAtomMolWt,18.0
desc_Chi1n,18.0
morgan_464,18.0
morgan_1208,18.0
morgan_1258,18.0
desc_NumHDonors,18.0
maccs_85,18.0
maccs_52,18.0
morgan_1017,18.0
torsion_332,18.0
atompair_284,17.0
atompair_196,17.0
atompair_1108,17.0
atompair_1360,17.0
atompair_780,17.0
atompair_1372,17.0
desc_fr_NH2,17.0
morgan_926,17.0
desc_NumAtomStereoCenters,17.0
desc_Chi1,17.0
torsion_654,17.0
torsion_1656,17.0
morgan_1140,17.0
desc_fr_Ar_COO,17.0
morgan_1255,17.0
morgan_1917,17.0
morgan_1093,16.0
morgan_979,16.0
atompair_541,16.0
maccs_12,16.0
morgan_155,16.0
morgan_806,16.0
morgan_879,16.0
torsion_172,16.0
atompair_760,16.0
atompair_802,16.0
atompair_1556,16.0
morgan_1579,16.0
atompair_904,16.0
atompair_892,16.0
atompair_144,16.0
torsion_1884,16.0
morgan_1683,15.0
atompair_965,15.0
atompair_1684,15.0
morgan_1381,15.0
torsion_2020,15.0
torsion_1966,15.0
torsion_1969,15.0
atompair_856,15.0
torsion_880,15.0
torsion_1496,15.0
morgan_711,15.0
desc_Chi0v,15.0
desc_fr_Al_COO,15.0
desc_NumRotatableBonds,15.0
atompair_666,15.0
atompair_1897,15.0
maccs_162,15.0
torsion_410,15.0
morgan_927,15.0
torsion_524,15.0
morgan_168,15.0
torsion_1576,15.0
torsion_741,15.0
torsion_808,15.0
morgan_794,15.0
torsion_984,15.0
morgan_1297,14.0
atompair_32,14.0
maccs_160,14.0
maccs_132,14.0
maccs_151,14.0
morgan_1005,14.0
torsion_1825,14.0
morgan_1593,14.0
morgan_310,14.0
atompair_1496,14.0
torsion_1628,14.0
torsion_132,14.0
torsion_384,14.0
torsion_349,14.0
atompair_1232,14.0
morgan_1840,14.0
atompair_208,14.0
atompair_1018,14.0
atompair_964,14.0
morgan_1693,14.0
atompair_1146,14.0
morgan_1545,14.0
torsion_828,14.0
maccs_136,14.0
maccs_18,14.0
morgan_125,14.0
morgan_734,14.0
morgan_725,14.0
morgan_588,14.0
maccs_88,14.0
desc_ExactMolWt,13.0
desc_MaxEStateIndex,13.0
morgan_1866,13.0
morgan_1616,13.0
atompair_953,13.0
torsion_1824,13.0
torsion_1984,13.0
morgan_1781,13.0
desc_fr_Nhpyrrole,13.0
morgan_1783,13.0
torsion_1316,13.0
morgan_352,13.0
atompair_60,13.0
morgan_1164,13.0
atompair_1812,13.0
torsion_320,13.0
torsion_520,13.0
maccs_78,13.0
morgan_136,13.0
desc_fr_C_O,13.0
morgan_1384,13.0
atompair_1718,13.0
morgan_1380,13.0
atompair_770,13.0
atompair_1212,13.0
morgan_646,13.0
morgan_1357,12.0
atompair_745,12.0
torsion_1996,12.0
atompair_1600,12.0
morgan_319,12.0
morgan_1810,12.0
atompair_1189,12.0
atompair_1448,12.0
morgan_1504,12.0
atompair_72,12.0
torsion_140,12.0
desc_NumSaturatedHeterocycles,12.0
desc_fr_COO,12.0
morgan_968,12.0
torsion_665,12.0
torsion_477,12.0
torsion_397,12.0
torsion_1549,12.0
atompair_1716,12.0
morgan_1387,12.0
atompair_985,12.0
atompair_1082,12.0
torsion_1873,12.0
atompair_286,12.0
atompair_406,12.0
morgan_1696,12.0
morgan_1738,12.0
torsion_1292,12.0
morgan_642,12.0
atompair_281,12.0
morgan_788,12.0
torsion_820,12.0
torsion_762,12.0
desc_NOCount,12.0
torsion_1548,12.0
morgan_1083,12.0
desc_LabuteASA,12.0
atompair_16,12.0
atompair_644,12.0
atompair_1953,12.0
morgan_1232,12.0
morgan_1071,12.0
morgan_1028,12.0
morgan_790,12.0
torsion_872,12.0
maccs_99,12.0
morgan_221,11.0
atompair_701,11.0
atompair_660,11.0
desc_fr_C_O_noCOO,11.0
atompair_1908,11.0
atompair_1776,11.0
atompair_1880,11.0
atompair_634,11.0
maccs_71,11.0
torsion_616,11.0
maccs_104,11.0
torsion_468,11.0
morgan_486,11.0
torsion_124,11.0
torsion_248,11.0
morgan_1101,11.0
torsion_948,11.0
torsion_681,11.0
torsion_752,11.0
morgan_313,11.0
torsion_1849,11.0
torsion_1936,11.0
torsion_1852,11.0
morgan_1896,11.0
desc_fr_azide,11.0
atompair_152,11.0
atompair_388,11.0
atompair_156,11.0
morgan_25,11.0
morgan_600,11.0
torsion_1317,11.0
torsion_1296,11.0
morgan_270,11.0
atompair_712,11.0
torsion_1748,11.0
morgan_1458,11.0
atompair_801,11.0
morgan_2010,11.0
atompair_636,11.0
maccs_22,11.0
morgan_466,11.0
morgan_74,11.0
morgan_2047,11.0
atompair_68,11.0
morgan_1145,11.0
maccs_123,11.0
morgan_1334,11.0
atompair_740,11.0
morgan_176,11.0
morgan_863,11.0
desc_NumValenceElectrons,10.0
morgan_281,10.0
morgan_1984,10.0
atompair_1497,10.0
morgan_412,10.0
atompair_1500,10.0
morgan_1950,10.0
morgan_305,10.0
torsion_1988,10.0
morgan_1619,10.0
morgan_1873,10.0
atompair_1408,10.0
morgan_1512,10.0
morgan_1480,10.0
atompair_829,10.0
atompair_1333,10.0
torsion_1938,10.0
torsion_1180,10.0
atompair_308,10.0
atompair_1083,10.0
torsion_1384,10.0
atompair_369,10.0
morgan_1746,10.0
atompair_384,10.0
atompair_1113,10.0
atompair_1042,10.0
morgan_1697,10.0
atompair_1213,10.0
atompair_927,10.0
atompair_929,10.0
torsion_1380,10.0
torsion_1297,10.0
morgan_674,10.0
morgan_1386,10.0
morgan_1908,10.0
atompair_549,10.0
morgan_1035,10.0
atompair_1980,10.0
atompair_28,10.0
atompair_45,10.0
torsion_1680,10.0
desc_Chi1v,10.0
atompair_2017,10.0
atompair_1984,10.0
torsion_49,10.0
morgan_1316,10.0
desc_NumSaturatedRings,10.0
torsion_652,10.0
maccs_135,10.0
torsion_1568,10.0
desc_NumHeterocycles,10.0
torsion_525,10.0
maccs_161,10.0
torsion_620,10.0
torsion_720,10.0
morgan_134,10.0
desc_NumAromaticRings,10.0
morgan_603,10.0
desc_fr_imide,10.0
torsion_940,10.0
morgan_750,10.0
torsion_1144,10.0
atompair_1501,9.0
morgan_599,9.0
torsion_1308,9.0
torsion_1332,9.0
morgan_1548,9.0
morgan_1533,9.0
morgan_1499,9.0
atompair_1508,9.0
morgan_635,9.0
atompair_1728,9.0
atompair_1109,9.0
torsion_1169,9.0
morgan_1221,9.0
desc_fr_amide,9.0
atompair_2037,9.0
atompair_1017,9.0
atompair_1044,9.0
atompair_2016,9.0
morgan_643,9.0
atompair_1161,9.0
morgan_1295,9.0
morgan_1665,9.0
morgan_1654,9.0
atompair_1156,9.0
atompair_956,9.0
morgan_1750,9.0
torsion_522,9.0
morgan_210,9.0
maccs_16,9.0
desc_fr_ArN,9.0
maccs_42,9.0
atompair_550,9.0
morgan_121,9.0
morgan_120,9.0
morgan_786,9.0
maccs_119,9.0
atompair_233,9.0
desc_fr_ether,9.0
torsion_708,9.0
morgan_981,9.0
morgan_965,9.0
morgan_947,9.0
torsion_380,9.0
atompair_761,9.0
torsion_2013,9.0
torsion_1592,9.0
torsion_1016,9.0
morgan_1944,9.0
morgan_747,9.0
torsion_956,9.0
atompair_494,9.0
torsion_449,9.0
atompair_417,9.0
morgan_94,9.0
atompair_540,9.0
maccs_143,9.0
morgan_846,9.0
maccs_120,9.0
morgan_330,9.0
atompair_968,9.0
morgan_1119,9.0
torsion_1925,8.0
atompair_1019,8.0
morgan_562,8.0
atompair_1052,8.0
atompair_1128,8.0
atompair_1741,8.0
atompair_1278,8.0
torsion_1376,8.0
torsion_1881,8.0
atompair_1054,8.0
torsion_1189,8.0
atompair_270,8.0
atompair_285,8.0
torsion_1869,8.0
morgan_361,8.0
torsion_1260,8.0
atompair_1892,8.0
torsion_1213,8.0
atompair_2021,8.0
torsion_1920,8.0
atompair_1708,8.0
morgan_1617,8.0
torsion_1280,8.0
atompair_1813,8.0
morgan_1416,8.0
atompair_1572,8.0
morgan_1506,8.0
torsion_1768,8.0
morgan_598,8.0
atompair_1492,8.0
atompair_1481,8.0
morgan_107,8.0
morgan_878,8.0
morgan_807,8.0
torsion_633,8.0
morgan_550,8.0
maccs_124,8.0
maccs_114,8.0
morgan_521,8.0
atompair_532,8.0
atompair_472,8.0
morgan_884,8.0
torsion_549,8.0
torsion_2028,8.0
morgan_1920,8.0
torsion_516,8.0
atompair_665,8.0
torsion_412,8.0
torsion_1633,8.0
torsion_1965,8.0
atompair_468,8.0
morgan_1185,8.0
torsion_29,8.0
morgan_326,8.0
torsion_144,8.0
torsion_1165,8.0
atompair_376,8.0
torsion_1960,8.0
atompair_998,8.0
morgan_692,8.0
torsion_24,8.0
morgan_333,8.0
maccs_126,8.0
atompair_1685,8.0
torsion_1712,8.0
morgan_430,8.0
morgan_1914,8.0
atompair_496,8.0
morgan_1954,8.0
torsion_697,8.0
maccs_108,8.0
maccs_155,8.0
torsion_729,8.0
atompair_1458,7.0
morgan_1442,7.0
morgan_650,7.0
morgan_365,7.0
morgan_441,7.0
atompair_324,7.0
atompair_1249,7.0
atompair_1814,7.0
morgan_1603,7.0
torsion_1728,7.0
morgan_1366,7.0
atompair_1250,7.0
morgan_1488,7.0
torsion_1389,7.0
morgan_606,7.0
atompair_1576,7.0
atompair_1437,7.0
morgan_1410,7.0
atompair_336,7.0
atompair_1344,7.0
morgan_566,7.0
atompair_1016,7.0
atompair_2029,7.0
atompair_2012,7.0
torsion_1928,7.0
atompair_1056,7.0
morgan_1715,7.0
atompair_1989,7.0
morgan_1736,7.0
atompair_1084,7.0
atompair_1140,7.0
morgan_684,7.0
desc_fr_amidine,7.0
torsion_1716,7.0
atompair_764,7.0
morgan_1975,7.0
morgan_1846,7.0
atompair_893,7.0
atompair_436,7.0
morgan_1183,7.0
torsion_112,7.0
torsion_1084,7.0
morgan_1777,7.0
morgan_504,7.0
torsion_348,7.0
morgan_739,7.0
torsion_377,7.0
atompair_408,7.0
morgan_716,7.0
atompair_868,7.0
morgan_489,7.0
morgan_1879,7.0
morgan_959,7.0
torsion_500,7.0
atompair_460,7.0
morgan_980,7.0
morgan_1957,7.0
morgan_119,7.0
morgan_771,7.0
atompair_528,7.0
torsion_588,7.0
morgan_559,7.0
atompair_576,7.0
atompair_593,7.0
morgan_883,7.0
torsion_653,7.0
maccs_101,7.0
morgan_158,7.0
maccs_113,7.0
morgan_799,7.0
atompair_17,7.0
atompair_8,7.0
maccs_141,7.0
morgan_855,7.0
maccs_127,7.0
morgan_847,7.0
atompair_538,7.0
atompair_536,7.0
torsion_740,7.0
torsion_1533,7.0
desc_fr_unbrch_alkane,7.0
desc_fr_guanido,7.0
torsion_1424,7.0
atompair_242,7.0
atompair_2036,6.0
torsion_1916,6.0
morgan_1201,6.0
torsion_712,6.0
maccs_122,6.0
atompair_533,6.0
torsion_873,6.0
torsion_728,6.0
maccs_159,6.0
atompair_352,6.0
atompair_145,6.0
morgan_1218,6.0
morgan_1722,6.0
atompair_341,6.0
morgan_57,6.0
morgan_52,6.0
atompair_337,6.0
morgan_687,6.0
maccs_149,6.0
maccs_144,6.0
torsion_696,6.0
desc_fr_Al_OH,6.0
torsion_1657,6.0
atompair_984,6.0
morgan_1792,6.0
atompair_380,6.0
atompair_372,6.0
torsion_1152,6.0
morgan_695,6.0
torsion_1172,6.0
morgan_1745,6.0
atompair_1096,6.0
torsion_1929,6.0
morgan_776,6.0
torsion_861,6.0
atompair_1425,6.0
torsion_1324,6.0
torsion_776,6.0
torsion_768,6.0
morgan_815,6.0
maccs_154,6.0
morgan_1805,6.0
morgan_1817,6.0
atompair_1148,6.0
morgan_1129,6.0
morgan_1653,6.0
morgan_1095,6.0
atompair_1180,6.0
morgan_1663,6.0
atompair_1224,6.0
torsion_1560,6.0
atompair_512,6.0
morgan_721,6.0
torsion_321,6.0
morgan_1088,6.0
atompair_1220,6.0
atompair_1809,6.0
atompair_1808,6.0
torsion_1853,6.0
torsion_1841,6.0
torsion_336,6.0
morgan_1039,6.0
morgan_1916,6.0
atompair_781,6.0
torsion_2038,6.0
morgan_303,6.0
morgan_1925,6.0
torsion_378,6.0
torsion_368,6.0
desc_fr_Al_OH_noTert,6.0
atompair_25,6.0
torsion_860,6.0
maccs_103,6.0
maccs_91,6.0
torsion_1840,6.0
morgan_1608,6.0
torsion_1713,6.0
atompair_1756,6.0
morgan_740,6.0
morgan_1969,6.0
morgan_1927,6.0
torsion_394,6.0
morgan_1972,6.0
morgan_505,6.0
torsion_1605,6.0
torsion_1020,6.0
atompair_1752,6.0
atompair_1636,6.0
atompair_1376,6.0
atompair_1593,6.0
torsion_648,6.0
atompair_708,6.0
morgan_1993,6.0
atompair_1245,6.0
morgan_1573,6.0
morgan_1594,6.0
torsion_481,6.0
torsion_545,6.0
torsion_612,6.0
morgan_910,6.0
torsion_565,6.0
atompair_69,6.0
torsion_924,6.0
morgan_956,6.0
atompair_1712,6.0
atompair_1316,6.0
torsion_552,6.0
desc_fr_phenol,6.0
torsion_1457,6.0
atompair_1524,6.0
atompair_1509,6.0
torsion_1416,6.0
torsion_1413,6.0
atompair_204,6.0
desc_fr_urea,6.0
desc_fr_hdrzine,6.0
atompair_180,5.0
desc_fr_nitro,5.0
torsion_1453,5.0
morgan_41,5.0
atompair_1048,5.0
atompair_1046,5.0
atompair_0,5.0
atompair_108,5.0
torsion_1176,5.0
torsion_1068,5.0
torsion_680,5.0
morgan_1503,5.0
morgan_1500,5.0
morgan_1511,5.0
atompair_1676,5.0
morgan_425,5.0
morgan_422,5.0
atompair_1320,5.0
torsion_1813,5.0
morgan_929,5.0
torsion_1432,5.0
atompair_1472,5.0
atompair_1568,5.0
atompair_1009,5.0
morgan_1155,5.0
morgan_1766,5.0
atompair_992,5.0
torsion_108,5.0
atompair_105,5.0
atompair_370,5.0
torsion_600,5.0
torsion_668,5.0
torsion_593,5.0
torsion_472,5.0
morgan_976,5.0
atompair_73,5.0
morgan_961,5.0
torsion_556,5.0
atompair_625,5.0
morgan_2033,5.0
atompair_1296,5.0
morgan_1601,5.0
morgan_1589,5.0
morgan_1349,5.0
atompair_1733,5.0
torsion_496,5.0
torsion_544,5.0
atompair_620,5.0
torsion_601,5.0
atompair_930,5.0
morgan_1138,5.0
atompair_1588,5.0
torsion_1833,5.0
morgan_625,5.0
morgan_611,5.0
atompair_676,5.0
torsion_452,5.0
torsion_448,5.0
atompair_1244,5.0
atompair_1300,5.0
morgan_1825,5.0
atompair_1120,5.0
atompair_1145,5.0
morgan_1837,5.0
torsion_240,5.0
morgan_327,5.0
torsion_1345,5.0
torsion_1262,5.0
atompair_857,5.0
morgan_318,5.0
torsion_284,5.0
atompair_297,5.0
morgan_629,5.0
morgan_287,5.0
atompair_714,5.0
morgan_1666,5.0
morgan_1269,5.0
atompair_1884,5.0
atompair_1816,5.0
morgan_515,5.0
desc_NumBridgeheadAtoms,5.0
morgan_860,5.0
maccs_110,5.0
atompair_521,5.0
atompair_520,5.0
atompair_501,5.0
atompair_500,5.0
torsion_869,5.0
atompair_416,5.0
atompair_404,5.0
atompair_789,5.0
torsion_945,5.0
morgan_742,5.0
atompair_1740,5.0
morgan_1369,5.0
morgan_1540,5.0
atompair_1345,5.0
atompair_1340,5.0
morgan_1400,5.0
morgan_888,5.0
atompair_325,5.0
atompair_852,5.0
torsion_1842,5.0
atompair_769,5.0
morgan_448,5.0
morgan_446,5.0
morgan_442,5.0
morgan_439,5.0
torsion_1696,5.0
atompair_766,5.0
atompair_756,5.0
torsion_381,5.0
morgan_1951,5.0
torsion_1600,5.0
torsion_2014,5.0
torsion_372,5.0
morgan_552,5.0
morgan_738,5.0
maccs_90,5.0
atompair_1040,5.0
atompair_1020,5.0
desc_NumSaturatedCarbocycles,5.0
morgan_539,5.0
maccs_125,5.0
morgan_805,5.0
torsion_761,5.0
atompair_1490,5.0
atompair_224,5.0
desc_fr_oxime,5.0
atompair_1460,5.0
atompair_1457,5.0
morgan_407,5.0
morgan_1452,5.0
atompair_1470,4.0
maccs_156,4.0
torsion_1784,4.0
morgan_414,4.0
atompair_1468,4.0
atompair_296,4.0
torsion_1364,4.0
atompair_1482,4.0
torsion_1426,4.0
torsion_732,4.0
torsion_760,4.0
torsion_765,4.0
atompair_9,4.0
atompair_2040,4.0
morgan_1172,4.0
atompair_969,4.0
atompair_980,4.0
atompair_1996,4.0
morgan_516,4.0
morgan_115,4.0
morgan_147,4.0
torsion_848,4.0
morgan_81,4.0
desc_fr_COO2,4.0
atompair_492,4.0
torsion_621,4.0
morgan_1923,4.0
morgan_301,4.0
atompair_797,4.0
torsion_952,4.0
torsion_964,4.0
torsion_1604,4.0
atompair_461,4.0
atompair_1768,4.0
morgan_1607,4.0
atompair_803,4.0
atompair_806,4.0
morgan_1912,4.0
morgan_1066,4.0
morgan_1070,4.0
torsion_1848,4.0
morgan_1609,4.0
morgan_1322,4.0
atompair_1804,4.0
morgan_1614,4.0
morgan_1645,4.0
torsion_1629,4.0
torsion_1641,4.0
desc_Chi3v,4.0
morgan_156,4.0
atompair_1364,4.0
atompair_1645,4.0
maccs_36,4.0
morgan_171,4.0
morgan_1084,4.0
torsion_1057,4.0
atompair_405,4.0
atompair_432,4.0
morgan_718,4.0
morgan_487,4.0
morgan_496,4.0
morgan_870,4.0
morgan_875,4.0
morgan_102,4.0
morgan_133,4.0
maccs_79,4.0
atompair_1188,4.0
atompair_1837,4.0
torsion_265,4.0
morgan_1096,4.0
atompair_724,4.0
morgan_288,4.0
morgan_289,4.0
morgan_260,4.0
atompair_702,4.0
morgan_657,4.0
torsion_1293,4.0
morgan_638,4.0
atompair_184,4.0
atompair_300,4.0
atompair_320,4.0
atompair_321,4.0
torsion_1056,4.0
torsion_1217,4.0
torsion_1236,4.0
torsion_1261,4.0
morgan_652,4.0
morgan_1274,4.0
morgan_1277,4.0
torsion_1937,4.0
torsion_192,4.0
torsion_232,4.0
morgan_1856,4.0
atompair_888,4.0
atompair_894,4.0
atompair_897,4.0
morgan_1256,4.0
morgan_1257,4.0
atompair_1952,4.0
morgan_1246,4.0
morgan_1699,4.0
morgan_1819,4.0
maccs_152,4.0
atompair_1297,4.0
morgan_656,4.0
torsion_504,4.0
morgan_984,4.0
torsion_453,4.0
torsion_454,4.0
torsion_464,4.0
atompair_713,4.0
atompair_677,4.0
torsion_1501,4.0
morgan_1982,4.0
morgan_813,4.0
atompair_269,4.0
morgan_784,4.0
morgan_1806,4.0
torsion_121,4.0
torsion_141,4.0
morgan_1727,4.0
morgan_1729,4.0
atompair_1069,4.0
morgan_461,4.0
torsion_617,4.0
atompair_24,4.0
atompair_569,4.0
atompair_592,4.0
torsion_480,4.0
atompair_1729,4.0
atompair_1732,4.0
torsion_896,4.0
atompair_44,4.0
atompair_96,4.0
atompair_448,4.0
maccs_55,4.0
morgan_897,4.0
morgan_1734,4.0
torsion_1153,4.0
atompair_377,4.0
atompair_100,4.0
torsion_52,4.0
morgan_1431,4.0
atompair_1560,4.0
morgan_914,4.0
morgan_212,4.0
morgan_217,4.0
torsion_1719,4.0
atompair_1312,4.0
atompair_1720,4.0
torsion_501,4.0
morgan_2041,4.0
morgan_2018,4.0
atompair_1440,4.0
morgan_1526,4.0
torsion_1320,4.0
morgan_838,4.0
torsion_1112,4.0
morgan_675,4.0
morgan_686,4.0
atompair_1993,4.0
torsion_1924,4.0
morgan_1489,4.0
morgan_586,4.0
atompair_1012,4.0
torsion_1452,4.0
atompair_1498,4.0
desc_fr_isocyan,4.0
morgan_5,4.0
morgan_11,4.0
atompair_220,3.0
atompair_237,3.0
atompair_236,3.0
atompair_1485,3.0
atompair_1484,3.0
desc_fr_term_acetylene,3.0
desc_fr_piperdine,3.0
desc_fr_nitro_arom,3.0
torsion_804,3.0
atompair_12,3.0
atompair_537,3.0
torsion_1534,3.0
torsion_1536,3.0
atompair_548,3.0
morgan_93,3.0
desc_NumUnspecifiedAtomStereoCenters,3.0
morgan_1411,3.0
morgan_1418,3.0
morgan_1513,3.0
morgan_1496,3.0
atompair_1452,3.0
torsion_1388,3.0
morgan_91,3.0
torsion_1649,3.0
morgan_1770,3.0
atompair_1004,3.0
torsion_48,3.0
torsion_61,3.0
atompair_957,3.0
morgan_1778,3.0
morgan_1788,3.0
atompair_342,3.0
atompair_132,3.0
morgan_1225,3.0
atompair_1986,3.0
atompair_1992,3.0
atompair_353,3.0
atompair_357,3.0
atompair_113,3.0
morgan_1820,3.0
morgan_1824,3.0
torsion_120,3.0
morgan_1152,3.0
atompair_1072,3.0
atompair_1074,3.0
atompair_1085,3.0
morgan_1212,3.0
atompair_1976,3.0
torsion_1672,3.0
torsion_1673,3.0
morgan_1735,3.0
atompair_77,3.0
morgan_475,3.0
morgan_481,3.0
torsion_1648,3.0
atompair_1900,3.0
morgan_1128,3.0
torsion_164,3.0
torsion_237,3.0
morgan_1113,3.0
atompair_908,3.0
morgan_360,3.0
morgan_363,3.0
torsion_1868,3.0
torsion_1872,3.0
torsion_1877,3.0
atompair_1924,3.0
atompair_1929,3.0
atompair_1945,3.0
morgan_1813,3.0
morgan_1818,3.0
morgan_639,3.0
torsion_264,3.0
torsion_272,3.0
torsion_273,3.0
atompair_886,3.0
morgan_1843,3.0
torsion_1973,3.0
torsion_1976,3.0
torsion_1980,3.0
morgan_1852,3.0
torsion_1220,3.0
torsion_1228,3.0
torsion_1237,3.0
morgan_658,3.0
morgan_645,3.0
atompair_1896,3.0
atompair_1826,3.0
morgan_1604,3.0
morgan_1656,3.0
atompair_1176,3.0
atompair_1181,3.0
atompair_1201,3.0
atompair_1202,3.0
morgan_1259,3.0
morgan_1292,3.0
atompair_1864,3.0
atompair_1868,3.0
morgan_1667,3.0
morgan_1674,3.0
atompair_1164,3.0
atompair_1169,3.0
atompair_140,3.0
torsion_308,3.0
morgan_1063,3.0
morgan_1887,3.0
atompair_420,3.0
atompair_424,3.0
atompair_437,3.0
atompair_869,3.0
morgan_1862,3.0
torsion_300,3.0
torsion_1624,3.0
atompair_1222,3.0
atompair_1228,3.0
morgan_1618,3.0
morgan_1625,3.0
morgan_1631,3.0
morgan_1312,3.0
torsion_2024,3.0
atompair_808,3.0
atompair_820,3.0
atompair_785,3.0
torsion_328,3.0
torsion_364,3.0
torsion_1856,3.0
atompair_1836,3.0
atompair_1797,3.0
atompair_1798,3.0
torsion_1625,3.0
torsion_1636,3.0
atompair_885,3.0
morgan_1894,3.0
atompair_836,3.0
morgan_1883,3.0
morgan_1013,3.0
morgan_1016,3.0
morgan_1021,3.0
atompair_762,3.0
atompair_466,3.0
atompair_1757,3.0
atompair_1760,3.0
torsion_1693,3.0
torsion_1697,3.0
torsion_1714,3.0
torsion_376,3.0
morgan_1953,3.0
torsion_2012,3.0
morgan_294,3.0
morgan_297,3.0
morgan_302,3.0
morgan_1009,3.0
torsion_434,3.0
torsion_440,3.0
morgan_278,3.0
morgan_636,3.0
atompair_326,3.0
atompair_1246,3.0
atompair_1264,3.0
torsion_976,3.0
morgan_728,3.0
torsion_1036,3.0
torsion_1048,3.0
torsion_444,3.0
torsion_379,3.0
torsion_385,3.0
morgan_1011,3.0
morgan_2030,3.0
atompair_629,3.0
morgan_960,3.0
torsion_889,3.0
torsion_908,3.0
morgan_759,3.0
torsion_532,3.0
morgan_1598,3.0
atompair_1301,3.0
torsion_456,3.0
atompair_680,3.0
atompair_40,3.0
torsion_888,3.0
atompair_728,3.0
atompair_733,3.0
morgan_1956,3.0
desc_Chi4v,3.0
morgan_230,3.0
morgan_233,3.0
morgan_222,3.0
maccs_33,3.0
atompair_1336,3.0
morgan_1564,3.0
morgan_1356,3.0
torsion_1724,3.0
torsion_1732,3.0
morgan_1375,3.0
atompair_681,3.0
atompair_633,3.0
morgan_244,3.0
morgan_248,3.0
atompair_645,3.0
morgan_140,3.0
maccs_92,3.0
torsion_876,3.0
torsion_884,3.0
morgan_555,3.0
torsion_1493,3.0
atompair_1592,3.0
atompair_1604,3.0
morgan_1405,3.0
atompair_1621,3.0
morgan_1393,3.0
atompair_1637,3.0
maccs_37,3.0
morgan_191,3.0
maccs_67,3.0
morgan_936,3.0
maccs_131,3.0
maccs_140,3.0
maccs_147,3.0
torsion_766,3.0
morgan_622,3.0
atompair_260,3.0
atompair_264,3.0
atompair_280,3.0
atompair_288,3.0
atompair_1396,3.0
torsion_1836,3.0
morgan_375,3.0
morgan_1424,3.0
morgan_866,3.0
morgan_130,3.0
morgan_137,3.0
atompair_172,3.0
morgan_34,3.0
atompair_217,3.0
torsion_1444,3.0
torsion_1372,3.0
morgan_609,3.0
torsion_1417,3.0
morgan_1453,3.0
atompair_1510,3.0
atompair_1520,3.0
morgan_1426,3.0
maccs_164,3.0
torsion_812,3.0
torsion_1540,3.0
morgan_827,3.0
morgan_12,3.0
atompair_114,3.0
torsion_12,3.0
atompair_976,3.0
morgan_1205,3.0
atompair_2004,3.0
atompair_2028,3.0
torsion_1445,3.0
morgan_569,3.0
morgan_576,3.0
atompair_240,3.0
torsion_1772,3.0
torsion_1780,3.0
morgan_413,3.0
morgan_1447,3.0
morgan_1475,3.0
atompair_295,3.0
torsion_1369,2.0
torsion_1348,2.0
atompair_294,2.0
atompair_292,2.0
atompair_289,2.0
morgan_623,2.0
torsion_1336,2.0
atompair_1488,2.0
morgan_1472,2.0
atompair_1474,2.0
atompair_1473,2.0
atompair_228,2.0
desc_fr_tetrazole,2.0
torsion_1312,2.0
atompair_333,2.0
atompair_301,2.0
atompair_142,2.0
morgan_632,2.0
torsion_1276,2.0
morgan_644,2.0
atompair_1536,2.0
atompair_1532,2.0
morgan_1451,2.0
morgan_1487,2.0
torsion_1268,2.0
morgan_666,2.0
desc_fr_alkyl_carbamate,2.0
desc_fr_Ndealkylation1,2.0
atompair_125,2.0
torsion_1196,2.0
atompair_118,2.0
atompair_117,2.0
atompair_116,2.0
morgan_565,2.0
morgan_1528,2.0
atompair_1456,2.0
atompair_1436,2.0
morgan_1521,2.0
morgan_1516,2.0
morgan_1430,2.0
atompair_1544,2.0
torsion_1448,2.0
torsion_1168,2.0
torsion_1212,2.0
atompair_378,2.0
atompair_368,2.0
morgan_690,2.0
torsion_1100,2.0
torsion_1072,2.0
morgan_395,2.0
torsion_1826,2.0
atompair_1424,2.0
atompair_1392,2.0
morgan_1537,2.0
atompair_76,2.0
atompair_109,2.0
torsion_1008,2.0
torsion_1005,2.0
torsion_996,2.0
torsion_1164,2.0
torsion_941,2.0
morgan_745,2.0
atompair_465,2.0
atompair_64,2.0
morgan_763,2.0
morgan_758,2.0
torsion_904,2.0
torsion_992,2.0
morgan_80,2.0
torsion_1488,2.0
atompair_1612,2.0
atompair_1597,2.0
atompair_1380,2.0
morgan_554,2.0
morgan_549,2.0
atompair_529,2.0
atompair_498,2.0
atompair_497,2.0
atompair_52,2.0
atompair_48,2.0
atompair_46,2.0
morgan_785,2.0
atompair_1640,2.0
atompair_1633,2.0
atompair_1632,2.0
atompair_1377,2.0
atompair_1370,2.0
torsion_1497,2.0
atompair_18,2.0
atompair_13,2.0
atompair_36,2.0
atompair_1,2.0
morgan_816,2.0
torsion_764,2.0
torsion_744,2.0
torsion_733,2.0
torsion_724,2.0
desc_RingCount,2.0
torsion_1524,2.0
atompair_1652,2.0
torsion_1744,2.0
atompair_1337,2.0
atompair_1334,2.0
atompair_1330,2.0
atompair_1328,2.0
atompair_1306,2.0
torsion_1504,2.0
maccs_153,2.0
maccs_139,2.0
torsion_693,2.0
torsion_688,2.0
torsion_684,2.0
torsion_1537,2.0
morgan_89,2.0
morgan_112,2.0
torsion_669,2.0
morgan_1585,2.0
atompair_1284,2.0
atompair_1339,2.0
atompair_1692,2.0
atompair_1688,2.0
morgan_1364,2.0
atompair_1668,2.0
atompair_1664,2.0
morgan_881,2.0
morgan_876,2.0
morgan_868,2.0
maccs_117,2.0
maccs_115,2.0
atompair_565,2.0
atompair_553,2.0
atompair_1761,2.0
atompair_1745,2.0
atompair_1742,2.0
atompair_1792,2.0
atompair_1265,2.0
atompair_1260,2.0
atompair_1248,2.0
morgan_129,2.0
maccs_89,2.0
torsion_1573,2.0
torsion_1572,2.0
morgan_519,2.0
maccs_73,2.0
torsion_644,2.0
torsion_613,2.0
torsion_608,2.0
atompair_1800,2.0
morgan_1319,2.0
torsion_1857,2.0
torsion_1850,2.0
torsion_1708,2.0
morgan_909,2.0
morgan_907,2.0
torsion_564,2.0
torsion_560,2.0
morgan_207,2.0
morgan_203,2.0
morgan_197,2.0
morgan_195,2.0
maccs_14,2.0
morgan_189,2.0
maccs_24,2.0
maccs_23,2.0
morgan_2040,2.0
torsion_553,2.0
morgan_917,2.0
torsion_541,2.0
morgan_1302,2.0
atompair_1240,2.0
atompair_1805,2.0
torsion_540,2.0
torsion_534,2.0
atompair_617,2.0
atompair_597,2.0
atompair_568,2.0
morgan_941,2.0
morgan_940,2.0
morgan_937,2.0
atompair_630,2.0
atompair_628,2.0
atompair_624,2.0
morgan_2023,2.0
morgan_1289,2.0
atompair_1200,2.0
atompair_1177,2.0
morgan_1662,2.0
atompair_1820,2.0
morgan_2004,2.0
atompair_657,2.0
morgan_255,2.0
torsion_488,2.0
torsion_476,2.0
morgan_1997,2.0
atompair_669,2.0
morgan_964,2.0
atompair_1904,2.0
atompair_1888,2.0
atompair_1172,2.0
atompair_1168,2.0
atompair_1160,2.0
morgan_1681,2.0
morgan_1668,2.0
atompair_1857,2.0
morgan_1958,2.0
torsion_436,2.0
morgan_1008,2.0
torsion_433,2.0
atompair_732,2.0
morgan_1979,2.0
torsion_1612,2.0
torsion_1608,2.0
morgan_507,2.0
atompair_1948,2.0
atompair_1946,2.0
atompair_1932,2.0
atompair_1928,2.0
torsion_1876,2.0
torsion_1860,2.0
morgan_364,2.0
atompair_1905,2.0
torsion_408,2.0
atompair_765,2.0
morgan_1963,2.0
torsion_396,2.0
morgan_1014,2.0
morgan_354,2.0
morgan_1692,2.0
atompair_1117,2.0
atompair_1116,2.0
morgan_1700,2.0
atompair_1150,2.0
morgan_1235,2.0
atompair_1960,2.0
torsion_393,2.0
torsion_392,2.0
torsion_1613,2.0
morgan_1034,2.0
morgan_1029,2.0
torsion_404,2.0
torsion_340,2.0
torsion_333,2.0
morgan_1065,2.0
morgan_1911,2.0
atompair_768,2.0
morgan_1937,2.0
morgan_463,2.0
morgan_453,2.0
atompair_1076,2.0
atompair_1073,2.0
morgan_1932,2.0
morgan_1891,2.0
atompair_812,2.0
atompair_804,2.0
morgan_1921,2.0
morgan_1075,2.0
morgan_1047,2.0
morgan_1874,2.0
atompair_841,2.0
atompair_828,2.0
atompair_821,2.0
morgan_1211,2.0
atompair_1995,2.0
atompair_1988,2.0
morgan_1222,2.0
atompair_1068,2.0
atompair_1060,2.0
morgan_1742,2.0
torsion_1681,2.0
morgan_488,2.0
torsion_293,2.0
morgan_1064,2.0
atompair_880,2.0
atompair_872,2.0
morgan_1863,2.0
morgan_1860,2.0
atompair_2024,2.0
atompair_2020,2.0
atompair_1045,2.0
morgan_1724,2.0
atompair_858,2.0
torsion_1972,2.0
morgan_321,2.0
morgan_315,2.0
torsion_268,2.0
torsion_249,2.0
morgan_1829,2.0
morgan_1827,2.0
morgan_1826,2.0
atompair_916,2.0
atompair_896,2.0
atompair_889,2.0
atompair_1043,2.0
atompair_1032,2.0
atompair_1022,2.0
atompair_1021,2.0
atompair_1013,2.0
morgan_1134,2.0
morgan_1126,2.0
morgan_1123,2.0
torsion_286,2.0
morgan_328,2.0
morgan_1839,2.0
morgan_1141,2.0
morgan_1139,2.0
torsion_1658,2.0
morgan_1798,2.0
morgan_1816,2.0
torsion_1645,2.0
torsion_1644,2.0
morgan_1775,2.0
atompair_996,2.0
atompair_988,2.0
atompair_981,2.0
torsion_20,2.0
morgan_470,2.0
atompair_966,2.0
morgan_1791,2.0
morgan_1780,2.0
atompair_960,2.0
atompair_954,2.0
atompair_949,2.0
atompair_944,2.0
atompair_245,2.0
atompair_241,2.0
morgan_4,2.0
torsion_1425,2.0
torsion_1420,2.0
morgan_581,2.0
morgan_580,2.0
torsion_1404,2.0
morgan_602,2.0
desc_fr_piperzine,2.0
atompair_246,2.0
atompair_200,2.0
morgan_48,2.0
morgan_45,2.0
morgan_43,2.0
atompair_256,2.0
morgan_594,1.0
atompair_257,1.0
morgan_35,1.0
morgan_46,1.0
morgan_28,1.0
atompair_258,1.0
atompair_192,1.0
atompair_193,1.0
atompair_201,1.0
desc_fr_priamide,1.0
morgan_607,1.0
torsion_1400,1.0
morgan_591,1.0
morgan_1467,1.0
atompair_1480,1.0
morgan_1449,1.0
torsion_1325,1.0
torsion_1313,1.0
morgan_641,1.0
atompair_161,1.0
atompair_160,1.0
atompair_328,1.0
atompair_309,1.0
atompair_298,1.0
morgan_628,1.0
atompair_1512,1.0
atompair_1504,1.0
morgan_1455,1.0
morgan_1420,1.0
morgan_1143,1.0
morgan_1120,1.0
morgan_1802,1.0
morgan_1796,1.0
morgan_1795,1.0
morgan_1811,1.0
torsion_1652,1.0
torsion_1642,1.0
morgan_478,1.0
morgan_473,1.0
morgan_1162,1.0
morgan_1160,1.0
torsion_68,1.0
torsion_60,1.0
torsion_50,1.0
torsion_44,1.0
morgan_1195,1.0
morgan_1191,1.0
morgan_1190,1.0
torsion_76,1.0
morgan_1754,1.0
morgan_1752,1.0
atompair_1028,1.0
torsion_1952,1.0
morgan_323,1.0
torsion_1944,1.0
torsion_1932,1.0
morgan_1809,1.0
torsion_149,1.0
torsion_148,1.0
morgan_1150,1.0
morgan_1146,1.0
morgan_1105,1.0
torsion_280,1.0
torsion_256,1.0
torsion_253,1.0
morgan_1121,1.0
torsion_1640,1.0
morgan_1828,1.0
atompair_890,1.0
atompair_934,1.0
morgan_1106,1.0
torsion_204,1.0
torsion_184,1.0
torsion_16,1.0
torsion_14,1.0
atompair_2041,1.0
morgan_1199,1.0
morgan_1215,1.0
morgan_1181,1.0
morgan_351,1.0
morgan_350,1.0
morgan_347,1.0
morgan_345,1.0
torsion_1900,1.0
torsion_1885,1.0
atompair_859,1.0
morgan_1854,1.0
morgan_1853,1.0
torsion_1970,1.0
morgan_316,1.0
atompair_887,1.0
morgan_1838,1.0
torsion_285,1.0
morgan_1737,1.0
atompair_1097,1.0
torsion_1688,1.0
torsion_1637,1.0
torsion_1632,1.0
morgan_492,1.0
torsion_292,1.0
morgan_1859,1.0
atompair_866,1.0
atompair_865,1.0
atompair_861,1.0
atompair_860,1.0
atompair_2030,1.0
atompair_2025,1.0
atompair_2022,1.0
atompair_2009,1.0
morgan_1058,1.0
morgan_1080,1.0
morgan_1079,1.0
morgan_1077,1.0
morgan_1074,1.0
morgan_1882,1.0
atompair_853,1.0
atompair_844,1.0
atompair_842,1.0
atompair_831,1.0
morgan_1898,1.0
morgan_1204,1.0
morgan_1220,1.0
morgan_1187,1.0
atompair_1057,1.0
morgan_1739,1.0
atompair_1972,1.0
atompair_1092,1.0
atompair_1088,1.0
atompair_1087,1.0
atompair_1086,1.0
atompair_1078,1.0
morgan_1929,1.0
atompair_819,1.0
atompair_816,1.0
atompair_809,1.0
atompair_798,1.0
atompair_796,1.0
atompair_792,1.0
morgan_1062,1.0
morgan_1061,1.0
morgan_1060,1.0
morgan_1045,1.0
torsion_360,1.0
torsion_344,1.0
torsion_330,1.0
torsion_329,1.0
morgan_1069,1.0
atompair_786,1.0
atompair_784,1.0
atompair_776,1.0
atompair_767,1.0
morgan_459,1.0
torsion_1677,1.0
torsion_1676,1.0
torsion_1661,1.0
torsion_1660,1.0
atompair_1977,1.0
morgan_1691,1.0
morgan_1686,1.0
atompair_1137,1.0
morgan_1708,1.0
atompair_1964,1.0
morgan_1245,1.0
morgan_1010,1.0
torsion_2036,1.0
morgan_1027,1.0
torsion_374,1.0
torsion_361,1.0
morgan_1057,1.0
morgan_1053,1.0
morgan_1051,1.0
morgan_1049,1.0
morgan_1046,1.0
morgan_1253,1.0
atompair_1921,1.0
atompair_1909,1.0
torsion_1602,1.0
torsion_1601,1.0
torsion_1584,1.0
torsion_409,1.0
morgan_1939,1.0
atompair_763,1.0
atompair_757,1.0
atompair_753,1.0
atompair_752,1.0
morgan_1962,1.0
morgan_1019,1.0
atompair_1144,1.0
atompair_1141,1.0
morgan_999,1.0
morgan_998,1.0
torsion_432,1.0
torsion_421,1.0
morgan_482,1.0
torsion_1616,1.0
morgan_970,1.0
atompair_736,1.0
atompair_729,1.0
atompair_725,1.0
morgan_503,1.0
atompair_1944,1.0
atompair_1933,1.0
torsion_1692,1.0
torsion_1874,1.0
morgan_358,1.0
morgan_1680,1.0
morgan_1634,1.0
atompair_1865,1.0
atompair_1860,1.0
morgan_992,1.0
morgan_987,1.0
morgan_266,1.0
morgan_265,1.0
morgan_264,1.0
morgan_275,1.0
morgan_274,1.0
morgan_267,1.0
atompair_700,1.0
atompair_684,1.0
morgan_1007,1.0
morgan_1000,1.0
torsion_484,1.0
morgan_975,1.0
morgan_974,1.0
atompair_678,1.0
morgan_1991,1.0
morgan_1990,1.0
morgan_1989,1.0
morgan_1986,1.0
atompair_668,1.0
morgan_2016,1.0
morgan_2013,1.0
torsion_460,1.0
atompair_1894,1.0
atompair_1893,1.0
atompair_1968,1.0
atompair_1173,1.0
atompair_1832,1.0
atompair_1825,1.0
atompair_1824,1.0
atompair_1818,1.0
morgan_2009,1.0
morgan_2007,1.0
morgan_2006,1.0
morgan_2003,1.0
morgan_257,1.0
morgan_253,1.0
morgan_252,1.0
morgan_245,1.0
atompair_640,1.0
torsion_497,1.0
torsion_493,1.0
torsion_485,1.0
morgan_932,1.0
morgan_931,1.0
morgan_958,1.0
morgan_954,1.0
atompair_626,1.0
morgan_2026,1.0
morgan_2022,1.0
morgan_2021,1.0
morgan_2043,1.0
atompair_1856,1.0
morgan_1287,1.0
morgan_1282,1.0
atompair_1845,1.0
atompair_1193,1.0
atompair_1184,1.0
atompair_1182,1.0
atompair_1214,1.0
morgan_1648,1.0
morgan_1299,1.0
morgan_1298,1.0
atompair_1801,1.0
torsion_537,1.0
torsion_536,1.0
torsion_596,1.0
morgan_2039,1.0
atompair_613,1.0
atompair_607,1.0
atompair_606,1.0
atompair_588,1.0
atompair_573,1.0
atompair_570,1.0
atompair_632,1.0
morgan_166,1.0
morgan_164,1.0
atompair_567,1.0
maccs_27,1.0
morgan_213,1.0
desc_Chi2v,1.0
morgan_924,1.0
morgan_918,1.0
atompair_1817,1.0
morgan_1313,1.0
morgan_1309,1.0
morgan_1308,1.0
morgan_1270,1.0
morgan_1623,1.0
atompair_1236,1.0
atompair_1221,1.0
torsion_1854,1.0
torsion_1844,1.0
morgan_384,1.0
morgan_383,1.0
morgan_1588,1.0
morgan_437,1.0
morgan_434,1.0
morgan_1301,1.0
morgan_912,1.0
morgan_906,1.0
torsion_585,1.0
torsion_576,1.0
torsion_572,1.0
torsion_557,1.0
morgan_209,1.0
morgan_205,1.0
morgan_526,1.0
morgan_525,1.0
morgan_522,1.0
torsion_676,1.0
morgan_179,1.0
morgan_177,1.0
maccs_83,1.0
maccs_81,1.0
morgan_132,1.0
morgan_160,1.0
torsion_636,1.0
torsion_604,1.0
torsion_592,1.0
atompair_1796,1.0
morgan_1323,1.0
morgan_1314,1.0
morgan_1333,1.0
atompair_1736,1.0
atompair_1272,1.0
atompair_1268,1.0
atompair_1253,1.0
atompair_1247,1.0
atompair_551,1.0
morgan_149,1.0
morgan_117,1.0
desc_HeavyAtomCount,1.0
morgan_127,1.0
morgan_186,1.0
torsion_660,1.0
torsion_656,1.0
torsion_1574,1.0
morgan_529,1.0
morgan_1599,1.0
atompair_1693,1.0
morgan_1377,1.0
atompair_1788,1.0
morgan_865,1.0
morgan_859,1.0
morgan_852,1.0
morgan_850,1.0
torsion_709,1.0
atompair_564,1.0
atompair_560,1.0
atompair_557,1.0
atompair_556,1.0
atompair_1769,1.0
atompair_1764,1.0
morgan_1336,1.0
morgan_848,1.0
morgan_841,1.0
torsion_692,1.0
torsion_689,1.0
maccs_137,1.0
morgan_90,1.0
morgan_87,1.0
morgan_83,1.0
morgan_106,1.0
desc_NumHeteroatoms,1.0
maccs_128,1.0
torsion_672,1.0
morgan_1582,1.0
morgan_1581,1.0
morgan_1574,1.0
atompair_1286,1.0
atompair_1338,1.0
morgan_1555,1.0
atompair_1321,1.0
atompair_1317,1.0
atompair_1302,1.0
atompair_1641,1.0
morgan_540,1.0
morgan_538,1.0
torsion_1505,1.0
torsion_717,1.0
torsion_716,1.0
torsion_757,1.0
maccs_148,1.0
maccs_146,1.0
maccs_138,1.0
morgan_849,1.0
torsion_785,1.0
torsion_756,1.0
torsion_745,1.0
morgan_820,1.0
torsion_738,1.0
torsion_736,1.0
torsion_1545,1.0
desc_NumSpiroAtoms,1.0
morgan_95,1.0
morgan_92,1.0
torsion_1532,1.0
morgan_543,1.0
morgan_542,1.0
torsion_1740,1.0
morgan_428,1.0
morgan_427,1.0
morgan_1407,1.0
morgan_1406,1.0
atompair_1374,1.0
morgan_1549,1.0
morgan_1547,1.0
atompair_1365,1.0
atompair_1348,1.0
atompair_1341,1.0
morgan_1522,1.0
torsion_853,1.0
torsion_816,1.0
morgan_787,1.0
atompair_539,1.0
atompair_534,1.0
atompair_20,1.0
torsion_796,1.0
atompair_1589,1.0
torsion_1720,1.0
atompair_1385,1.0
atompair_1384,1.0
atompair_1382,1.0
morgan_377,1.0
morgan_373,1.0
torsion_1477,1.0
morgan_560,1.0
torsion_874,1.0
atompair_502,1.0
atompair_545,1.0
morgan_781,1.0
morgan_774,1.0
morgan_1391,1.0
atompair_1614,1.0
morgan_755,1.0
morgan_754,1.0
torsion_900,1.0
atompair_481,1.0
atompair_480,1.0
atompair_476,1.0
desc_fr_Ar_OH,1.0
morgan_67,1.0
torsion_1492,1.0
torsion_1480,1.0
morgan_1399,1.0
morgan_1398,1.0
morgan_1397,1.0
atompair_1613,1.0
atompair_1605,1.0
atompair_1594,1.0
torsion_1040,1.0
morgan_736,1.0
torsion_997,1.0
torsion_937,1.0
torsion_936,1.0
morgan_753,1.0
morgan_743,1.0
morgan_706,1.0
atompair_464,1.0
atompair_462,1.0
atompair_70,1.0
atompair_65,1.0
atompair_449,1.0
atompair_441,1.0
torsion_929,1.0
torsion_916,1.0
morgan_399,1.0
morgan_394,1.0
torsion_1837,1.0
atompair_1416,1.0
atompair_1413,1.0
atompair_1412,1.0
atompair_1409,1.0
atompair_1400,1.0
morgan_1535,1.0
morgan_1532,1.0
morgan_546,1.0
atompair_429,1.0
atompair_393,1.0
atompair_385,1.0
torsion_1064,1.0
torsion_1044,1.0
atompair_1444,1.0
morgan_1419,1.0
atompair_1577,1.0
atompair_1561,1.0
atompair_1549,1.0
morgan_1401,1.0
atompair_1540,1.0
atompair_104,1.0
atompair_102,1.0
atompair_97,1.0
atompair_382,1.0
atompair_367,1.0
atompair_128,1.0
morgan_702,1.0
morgan_698,1.0
morgan_401,1.0
torsion_1201,1.0
torsion_1188,1.0
morgan_689,1.0
morgan_679,1.0
morgan_677,1.0
atompair_121,1.0
atompair_365,1.0
atompair_364,1.0
atompair_356,1.0
atompair_348,1.0
atompair_148,1.0
torsion_1464,1.0
morgan_577,1.0
morgan_573,1.0
morgan_1530,1.0
morgan_1502,1.0
atompair_1469,1.0
morgan_1482,1.0
morgan_1478,1.0
morgan_1477,1.0
atompair_1464,1.0
atompair_1461,1.0
atompair_1499,1.0
torsion_1812,1.0
morgan_668,1.0
torsion_1232,1.0
torsion_1216,1.0
atompair_141,1.0
atompair_136,1.0
morgan_65,1.0
morgan_54,1.0
torsion_1208,1.0
desc_fr_methoxy,1.0
torsion_1373,1.0
torsion_1356,1.0
torsion_1352,1.0
torsion_1436,1.0
atompair_290,1.0
atompair_263,1.0
torsion_1340,1.0
torsion_1333,1.0
torsion_1804,1.0
torsion_1800,1.0
torsion_1792,1.0
torsion_1765,1.0
atompair_1545,1.0
atompair_1489,1.0
morgan_1470,1.0
morgan_1184,1.0
morgan_1182,1.0
morgan_1773,1.0
torsion_1880,1.0
torsion_30,1.0
morgan_469,1.0
torsion_81,1.0
torsion_80,1.0
torsion_152,1.0
morgan_1793,1.0
atompair_948,1.0
atompair_945,1.0
morgan_1163,1.0
morgan_2,1.0
atompair_244,1.0
atompair_213,1.0
morgan_0,0.0
morgan_3,0.0
morgan_6,0.0
morgan_7,0.0
morgan_8,0.0
morgan_9,0.0
morgan_10,0.0
morgan_13,0.0
morgan_14,0.0
morgan_15,0.0
morgan_16,0.0
morgan_17,0.0
desc_fr_nitro_arom_nonortho,0.0
desc_fr_quatN,0.0
morgan_1,0.0
morgan_49,0.0
morgan_47,0.0
morgan_44,0.0
morgan_42,0.0
morgan_40,0.0
morgan_39,0.0
morgan_38,0.0
morgan_36,0.0
desc_fr_epoxide,0.0
desc_fr_dihydropyridine,0.0
desc_fr_diazo,0.0
desc_fr_benzodiazepine,0.0
desc_fr_barbitur,0.0
morgan_64,0.0
morgan_63,0.0
morgan_62,0.0
atompair_197,0.0
atompair_195,0.0
atompair_194,0.0
atompair_189,0.0
atompair_259,0.0
atompair_254,0.0
atompair_253,0.0
atompair_252,0.0
atompair_249,0.0
atompair_248,0.0
atompair_247,0.0
atompair_243,0.0
atompair_223,0.0
atompair_222,0.0
atompair_221,0.0
atompair_219,0.0
atompair_282,0.0
atompair_277,0.0
atompair_276,0.0
atompair_274,0.0
atompair_273,0.0
atompair_272,0.0
atompair_271,0.0
atompair_266,0.0
atompair_265,0.0
atompair_262,0.0
atompair_261,0.0
atompair_206,0.0
atompair_203,0.0
atompair_202,0.0
atompair_199,0.0
atompair_198,0.0
atompair_188,0.0
atompair_186,0.0
atompair_185,0.0
atompair_183,0.0
atompair_182,0.0
atompair_181,0.0
atompair_178,0.0
atompair_177,0.0
atompair_176,0.0
atompair_175,0.0
atompair_174,0.0
atompair_173,0.0
atompair_170,0.0
atompair_293,0.0
atompair_291,0.0
atompair_287,0.0
atompair_322,0.0
atompair_318,0.0
atompair_317,0.0
atompair_316,0.0
atompair_314,0.0
atompair_313,0.0
atompair_312,0.0
atompair_311,0.0
atompair_310,0.0
atompair_307,0.0
atompair_306,0.0
atompair_305,0.0
atompair_304,0.0
atompair_303,0.0
atompair_302,0.0
atompair_299,0.0
atompair_169,0.0
atompair_168,0.0
atompair_165,0.0
atompair_164,0.0
atompair_163,0.0
atompair_162,0.0
atompair_158,0.0
atompair_157,0.0
atompair_154,0.0
atompair_153,0.0
atompair_150,0.0
atompair_149,0.0
atompair_330,0.0
atompair_329,0.0
atompair_327,0.0
atompair_323,0.0
atompair_138,0.0
atompair_137,0.0
atompair_134,0.0
atompair_133,0.0
atompair_130,0.0
atompair_347,0.0
atompair_346,0.0
atompair_345,0.0
atompair_344,0.0
atompair_343,0.0
atompair_340,0.0
atompair_339,0.0
atompair_338,0.0
atompair_335,0.0
atompair_334,0.0
atompair_332,0.0
atompair_122,0.0
atompair_120,0.0
atompair_119,0.0
atompair_115,0.0
atompair_363,0.0
atompair_362,0.0
atompair_361,0.0
atompair_360,0.0
atompair_359,0.0
atompair_358,0.0
atompair_355,0.0
atompair_354,0.0
atompair_349,0.0
atompair_147,0.0
atompair_146,0.0
atompair_143,0.0
atompair_107,0.0
atompair_106,0.0
atompair_103,0.0
atompair_101,0.0
atompair_99,0.0
atompair_98,0.0
atompair_381,0.0
atompair_379,0.0
atompair_374,0.0
atompair_373,0.0
atompair_371,0.0
atompair_366,0.0
atompair_129,0.0
atompair_127,0.0
atompair_126,0.0
atompair_124,0.0
atompair_401,0.0
atompair_400,0.0
atompair_398,0.0
atompair_397,0.0
atompair_396,0.0
atompair_395,0.0
atompair_394,0.0
atompair_392,0.0
atompair_390,0.0
atompair_389,0.0
atompair_387,0.0
atompair_386,0.0
atompair_383,0.0
atompair_112,0.0
atompair_111,0.0
atompair_110,0.0
atompair_430,0.0
atompair_428,0.0
atompair_427,0.0
atompair_426,0.0
atompair_425,0.0
atompair_423,0.0
atompair_422,0.0
atompair_421,0.0
atompair_419,0.0
atompair_418,0.0
atompair_413,0.0
atompair_412,0.0
atompair_410,0.0
atompair_409,0.0
atompair_407,0.0
atompair_402,0.0
atompair_95,0.0
atompair_94,0.0
atompair_93,0.0
atompair_92,0.0
atompair_89,0.0
atompair_88,0.0
atompair_85,0.0
atompair_84,0.0
atompair_82,0.0
atompair_81,0.0
atompair_80,0.0
atompair_79,0.0
atompair_78,0.0
atompair_434,0.0
atompair_433,0.0
atompair_431,0.0
atompair_66,0.0
atompair_62,0.0
atompair_61,0.0
atompair_58,0.0
atompair_458,0.0
atompair_457,0.0
atompair_456,0.0
atompair_454,0.0
atompair_453,0.0
atompair_452,0.0
atompair_451,0.0
atompair_450,0.0
atompair_445,0.0
atompair_444,0.0
atompair_440,0.0
atompair_438,0.0
atompair_485,0.0
atompair_484,0.0
atompair_483,0.0
atompair_482,0.0
atompair_479,0.0
atompair_478,0.0
atompair_477,0.0
atompair_474,0.0
atompair_473,0.0
atompair_469,0.0
atompair_467,0.0
atompair_463,0.0
atompair_75,0.0
atompair_74,0.0
atompair_71,0.0
atompair_67,0.0
atompair_56,0.0
atompair_54,0.0
atompair_53,0.0
atompair_50,0.0
atompair_49,0.0
atompair_47,0.0
atompair_43,0.0
atompair_42,0.0
atompair_41,0.0
atompair_495,0.0
atompair_493,0.0
atompair_490,0.0
atompair_489,0.0
atompair_488,0.0
atompair_487,0.0
atompair_486,0.0
atompair_522,0.0
atompair_518,0.0
atompair_517,0.0
atompair_516,0.0
atompair_515,0.0
atompair_514,0.0
atompair_513,0.0
atompair_510,0.0
atompair_509,0.0
atompair_508,0.0
atompair_506,0.0
atompair_505,0.0
atompair_504,0.0
atompair_503,0.0
atompair_499,0.0
atompair_57,0.0
atompair_38,0.0
atompair_37,0.0
atompair_35,0.0
atompair_34,0.0
atompair_33,0.0
atompair_31,0.0
atompair_30,0.0
atompair_29,0.0
atompair_26,0.0
atompair_22,0.0
atompair_530,0.0
atompair_527,0.0
atompair_526,0.0
atompair_525,0.0
atompair_524,0.0
atompair_523,0.0
maccs_163,0.0
maccs_158,0.0
atompair_547,0.0
atompair_546,0.0
atompair_544,0.0
atompair_542,0.0
atompair_535,0.0
atompair_21,0.0
atompair_19,0.0
atompair_15,0.0
atompair_14,0.0
atompair_10,0.0
atompair_7,0.0
atompair_6,0.0
atompair_5,0.0
atompair_39,0.0
maccs_111,0.0
maccs_107,0.0
atompair_566,0.0
atompair_562,0.0
atompair_561,0.0
atompair_559,0.0
atompair_558,0.0
atompair_555,0.0
atompair_554,0.0
atompair_552,0.0
maccs_145,0.0
maccs_142,0.0
atompair_4,0.0
atompair_3,0.0
atompair_2,0.0
maccs_165,0.0
atompair_586,0.0
atompair_585,0.0
atompair_584,0.0
atompair_581,0.0
atompair_580,0.0
atompair_578,0.0
atompair_577,0.0
atompair_575,0.0
atompair_574,0.0
atompair_572,0.0
atompair_571,0.0
maccs_29,0.0
maccs_21,0.0
maccs_65,0.0
maccs_53,0.0
maccs_47,0.0
atompair_609,0.0
atompair_608,0.0
atompair_605,0.0
atompair_604,0.0
atompair_602,0.0
atompair_601,0.0
atompair_600,0.0
atompair_599,0.0
atompair_598,0.0
atompair_596,0.0
atompair_595,0.0
atompair_594,0.0
atompair_591,0.0
atompair_590,0.0
atompair_589,0.0
atompair_587,0.0
maccs_7,0.0
morgan_2046,0.0
morgan_2045,0.0
morgan_2044,0.0
morgan_2042,0.0
morgan_2038,0.0
morgan_2037,0.0
morgan_2036,0.0
morgan_2035,0.0
morgan_2034,0.0
atompair_619,0.0
atompair_618,0.0
atompair_616,0.0
atompair_614,0.0
atompair_612,0.0
atompair_610,0.0
atompair_639,0.0
atompair_638,0.0
atompair_637,0.0
atompair_635,0.0
atompair_631,0.0
atompair_627,0.0
atompair_622,0.0
atompair_621,0.0
morgan_2032,0.0
morgan_2031,0.0
morgan_2027,0.0
morgan_2025,0.0
morgan_2024,0.0
morgan_2020,0.0
morgan_2019,0.0
maccs_10,0.0
morgan_2014,0.0
morgan_2012,0.0
morgan_2011,0.0
morgan_2008,0.0
morgan_2005,0.0
morgan_2002,0.0
atompair_656,0.0
atompair_653,0.0
atompair_652,0.0
atompair_650,0.0
atompair_649,0.0
atompair_648,0.0
atompair_647,0.0
atompair_646,0.0
atompair_642,0.0
atompair_641,0.0
morgan_1994,0.0
morgan_1992,0.0
morgan_1988,0.0
morgan_1987,0.0
atompair_674,0.0
atompair_673,0.0
atompair_672,0.0
atompair_670,0.0
atompair_667,0.0
atompair_663,0.0
atompair_662,0.0
atompair_661,0.0
atompair_659,0.0
atompair_658,0.0
morgan_2017,0.0
morgan_2015,0.0
atompair_695,0.0
atompair_694,0.0
atompair_693,0.0
atompair_692,0.0
atompair_690,0.0
atompair_689,0.0
atompair_688,0.0
atompair_685,0.0
atompair_682,0.0
atompair_679,0.0
atompair_675,0.0
morgan_2001,0.0
morgan_2000,0.0
morgan_1998,0.0
morgan_1996,0.0
morgan_1995,0.0
morgan_1978,0.0
morgan_1977,0.0
morgan_1976,0.0
morgan_1974,0.0
morgan_1973,0.0
morgan_1971,0.0
morgan_1970,0.0
atompair_710,0.0
atompair_709,0.0
atompair_706,0.0
atompair_705,0.0
atompair_704,0.0
atompair_703,0.0
atompair_698,0.0
atompair_697,0.0
atompair_696,0.0
atompair_734,0.0
atompair_731,0.0
atompair_730,0.0
atompair_727,0.0
atompair_726,0.0
atompair_723,0.0
atompair_722,0.0
atompair_721,0.0
atompair_720,0.0
atompair_718,0.0
atompair_717,0.0
atompair_716,0.0
atompair_715,0.0
morgan_1983,0.0
morgan_1981,0.0
morgan_1980,0.0
morgan_1967,0.0
morgan_1966,0.0
morgan_1965,0.0
morgan_1964,0.0
morgan_1961,0.0
morgan_1960,0.0
morgan_1959,0.0
morgan_1955,0.0
atompair_748,0.0
atompair_747,0.0
atompair_746,0.0
atompair_742,0.0
atompair_741,0.0
atompair_738,0.0
atompair_737,0.0
atompair_735,0.0
morgan_1952,0.0
morgan_1949,0.0
morgan_1948,0.0
morgan_1947,0.0
morgan_1945,0.0
morgan_1943,0.0
morgan_1942,0.0
morgan_1941,0.0
morgan_1940,0.0
morgan_1938,0.0
atompair_759,0.0
atompair_758,0.0
atompair_754,0.0
atompair_750,0.0
atompair_749,0.0
morgan_1968,0.0
morgan_1906,0.0
atompair_782,0.0
atompair_779,0.0
atompair_778,0.0
atompair_777,0.0
atompair_773,0.0
atompair_772,0.0
morgan_1936,0.0
morgan_1935,0.0
morgan_1934,0.0
morgan_1933,0.0
morgan_1931,0.0
morgan_1930,0.0
morgan_1928,0.0
morgan_1924,0.0
morgan_1922,0.0
atompair_807,0.0
atompair_805,0.0
atompair_799,0.0
atompair_795,0.0
atompair_794,0.0
atompair_793,0.0
atompair_790,0.0
atompair_788,0.0
atompair_787,0.0
morgan_1919,0.0
morgan_1918,0.0
morgan_1915,0.0
morgan_1913,0.0
morgan_1910,0.0
morgan_1909,0.0
morgan_1907,0.0
morgan_1903,0.0
morgan_1902,0.0
morgan_1901,0.0
morgan_1900,0.0
morgan_1899,0.0
morgan_1897,0.0
morgan_1895,0.0
morgan_1893,0.0
morgan_1892,0.0
morgan_1890,0.0
atompair_818,0.0
atompair_817,0.0
atompair_814,0.0
atompair_813,0.0
atompair_811,0.0
atompair_810,0.0
atompair_843,0.0
atompair_840,0.0
atompair_838,0.0
atompair_837,0.0
atompair_834,0.0
atompair_833,0.0
atompair_832,0.0
atompair_830,0.0
atompair_827,0.0
atompair_826,0.0
atompair_825,0.0
atompair_824,0.0
atompair_823,0.0
atompair_822,0.0
morgan_1905,0.0
morgan_1904,0.0
morgan_1885,0.0
morgan_1884,0.0
morgan_1881,0.0
morgan_1880,0.0
morgan_1878,0.0
morgan_1877,0.0
morgan_1876,0.0
morgan_1875,0.0
atompair_854,0.0
atompair_851,0.0
atompair_850,0.0
atompair_849,0.0
atompair_848,0.0
atompair_847,0.0
atompair_846,0.0
atompair_845,0.0
morgan_1869,0.0
morgan_1868,0.0
morgan_1867,0.0
morgan_1865,0.0
morgan_1864,0.0
morgan_1861,0.0
morgan_1858,0.0
atompair_871,0.0
atompair_870,0.0
atompair_864,0.0
atompair_863,0.0
atompair_862,0.0
atompair_855,0.0
morgan_1889,0.0
morgan_1888,0.0
morgan_1886,0.0
morgan_1844,0.0
morgan_1842,0.0
atompair_884,0.0
atompair_883,0.0
atompair_882,0.0
atompair_881,0.0
atompair_879,0.0
atompair_878,0.0
atompair_877,0.0
atompair_876,0.0
atompair_875,0.0
atompair_874,0.0
atompair_873,0.0
morgan_1872,0.0
morgan_1871,0.0
morgan_1870,0.0
atompair_906,0.0
atompair_905,0.0
atompair_902,0.0
atompair_901,0.0
atompair_900,0.0
atompair_899,0.0
atompair_898,0.0
atompair_895,0.0
atompair_891,0.0
morgan_1857,0.0
morgan_1851,0.0
morgan_1850,0.0
morgan_1849,0.0
morgan_1848,0.0
morgan_1847,0.0
morgan_1845,0.0
morgan_1833,0.0
morgan_1832,0.0
morgan_1831,0.0
morgan_1830,0.0
atompair_923,0.0
atompair_922,0.0
atompair_921,0.0
atompair_920,0.0
atompair_919,0.0
atompair_918,0.0
atompair_917,0.0
atompair_914,0.0
atompair_913,0.0
atompair_912,0.0
atompair_910,0.0
atompair_909,0.0
morgan_1822,0.0
morgan_1821,0.0
morgan_1815,0.0
morgan_1812,0.0
atompair_942,0.0
atompair_941,0.0
atompair_940,0.0
atompair_937,0.0
atompair_936,0.0
atompair_933,0.0
atompair_932,0.0
atompair_931,0.0
morgan_1841,0.0
morgan_1836,0.0
morgan_1835,0.0
morgan_1834,0.0
morgan_1782,0.0
morgan_1779,0.0
atompair_959,0.0
atompair_958,0.0
atompair_955,0.0
atompair_951,0.0
atompair_950,0.0
atompair_946,0.0
morgan_1807,0.0
morgan_1804,0.0
morgan_1803,0.0
morgan_1801,0.0
morgan_1800,0.0
morgan_1799,0.0
morgan_1797,0.0
morgan_1823,0.0
atompair_983,0.0
atompair_982,0.0
atompair_978,0.0
atompair_977,0.0
atompair_973,0.0
atompair_972,0.0
atompair_970,0.0
atompair_967,0.0
atompair_962,0.0
atompair_961,0.0
morgan_1790,0.0
morgan_1789,0.0
morgan_1787,0.0
morgan_1786,0.0
morgan_1785,0.0
morgan_1784,0.0
morgan_1769,0.0
morgan_1768,0.0
morgan_1767,0.0
morgan_1765,0.0
morgan_1764,0.0
morgan_1763,0.0
morgan_1762,0.0
atompair_997,0.0
atompair_995,0.0
atompair_994,0.0
atompair_993,0.0
atompair_991,0.0
atompair_990,0.0
atompair_989,0.0
atompair_987,0.0
atompair_986,0.0
atompair_1023,0.0
atompair_1015,0.0
atompair_1014,0.0
atompair_1011,0.0
atompair_1010,0.0
atompair_1008,0.0
atompair_1006,0.0
atompair_1005,0.0
atompair_1002,0.0
atompair_1001,0.0
atompair_1000,0.0
atompair_999,0.0
morgan_1776,0.0
morgan_1774,0.0
morgan_1772,0.0
morgan_1771,0.0
morgan_1760,0.0
morgan_1759,0.0
morgan_1758,0.0
morgan_1757,0.0
morgan_1756,0.0
morgan_1753,0.0
morgan_1751,0.0
morgan_1749,0.0
morgan_1748,0.0
morgan_1747,0.0
atompair_1031,0.0
atompair_1030,0.0
atompair_1029,0.0
atompair_1026,0.0
atompair_1025,0.0
atompair_1024,0.0
morgan_1743,0.0
morgan_1741,0.0
morgan_1740,0.0
morgan_1733,0.0
morgan_1732,0.0
morgan_1731,0.0
morgan_1730,0.0
atompair_1050,0.0
atompair_1049,0.0
atompair_1047,0.0
atompair_1038,0.0
atompair_1037,0.0
atompair_1036,0.0
atompair_1034,0.0
atompair_1033,0.0
morgan_1761,0.0
morgan_1720,0.0
morgan_1719,0.0
morgan_1718,0.0
morgan_1717,0.0
morgan_1716,0.0
morgan_1714,0.0
atompair_1067,0.0
atompair_1066,0.0
atompair_1065,0.0
atompair_1064,0.0
atompair_1063,0.0
atompair_1062,0.0
atompair_1061,0.0
atompair_1058,0.0
atompair_1055,0.0
morgan_1744,0.0
atompair_1098,0.0
atompair_1095,0.0
atompair_1094,0.0
atompair_1093,0.0
atompair_1091,0.0
atompair_1090,0.0
atompair_1089,0.0
atompair_1079,0.0
atompair_1077,0.0
atompair_1075,0.0
atompair_1070,0.0
morgan_1728,0.0
morgan_1726,0.0
morgan_1725,0.0
morgan_1723,0.0
morgan_1721,0.0
morgan_1713,0.0
morgan_1712,0.0
morgan_1711,0.0
morgan_1710,0.0
morgan_1709,0.0
morgan_1707,0.0
morgan_1706,0.0
morgan_1705,0.0
morgan_1704,0.0
morgan_1703,0.0
morgan_1702,0.0
morgan_1701,0.0
morgan_1698,0.0
atompair_1101,0.0
atompair_1100,0.0
atompair_1099,0.0
atompair_1127,0.0
atompair_1126,0.0
atompair_1125,0.0
atompair_1124,0.0
atompair_1123,0.0
atompair_1122,0.0
atompair_1121,0.0
atompair_1119,0.0
atompair_1118,0.0
atompair_1115,0.0
atompair_1114,0.0
atompair_1111,0.0
atompair_1110,0.0
atompair_1106,0.0
atompair_1105,0.0
atompair_1104,0.0
morgan_1695,0.0
morgan_1694,0.0
morgan_1690,0.0
morgan_1689,0.0
morgan_1688,0.0
morgan_1687,0.0
morgan_1685,0.0
morgan_1684,0.0
morgan_1682,0.0
atompair_1138,0.0
atompair_1136,0.0
atompair_1134,0.0
atompair_1133,0.0
atompair_1132,0.0
atompair_1130,0.0
atompair_1129,0.0
morgan_1676,0.0
morgan_1675,0.0
morgan_1673,0.0
morgan_1672,0.0
morgan_1671,0.0
morgan_1670,0.0
morgan_1669,0.0
atompair_1154,0.0
atompair_1153,0.0
atompair_1152,0.0
atompair_1151,0.0
atompair_1149,0.0
atompair_1147,0.0
atompair_1143,0.0
atompair_1142,0.0
atompair_1139,0.0
morgan_1657,0.0
morgan_1655,0.0
morgan_1652,0.0
morgan_1651,0.0
morgan_1650,0.0
atompair_1174,0.0
atompair_1171,0.0
atompair_1170,0.0
atompair_1166,0.0
atompair_1165,0.0
atompair_1162,0.0
atompair_1158,0.0
atompair_1157,0.0
morgan_1679,0.0
morgan_1678,0.0
morgan_1677,0.0
atompair_1195,0.0
atompair_1194,0.0
atompair_1192,0.0
atompair_1191,0.0
atompair_1190,0.0
atompair_1186,0.0
atompair_1185,0.0
atompair_1183,0.0
atompair_1179,0.0
atompair_1178,0.0
atompair_1175,0.0
morgan_1664,0.0
morgan_1661,0.0
morgan_1660,0.0
morgan_1659,0.0
morgan_1658,0.0
morgan_1643,0.0
morgan_1642,0.0
morgan_1641,0.0
morgan_1640,0.0
morgan_1639,0.0
morgan_1638,0.0
morgan_1637,0.0
morgan_1636,0.0
morgan_1635,0.0
atompair_1207,0.0
atompair_1206,0.0
atompair_1205,0.0
atompair_1204,0.0
atompair_1203,0.0
atompair_1197,0.0
atompair_1196,0.0
atompair_1234,0.0
atompair_1233,0.0
atompair_1230,0.0
atompair_1229,0.0
atompair_1227,0.0
atompair_1226,0.0
atompair_1225,0.0
atompair_1223,0.0
atompair_1219,0.0
atompair_1215,0.0
atompair_1211,0.0
atompair_1210,0.0
morgan_1649,0.0
morgan_1647,0.0
morgan_1646,0.0
morgan_1644,0.0
morgan_1632,0.0
morgan_1630,0.0
morgan_1629,0.0
morgan_1628,0.0
morgan_1627,0.0
morgan_1626,0.0
morgan_1624,0.0
morgan_1622,0.0
morgan_1621,0.0
morgan_1620,0.0
atompair_1243,0.0
atompair_1242,0.0
atompair_1241,0.0
atompair_1238,0.0
atompair_1237,0.0
atompair_1235,0.0
atompair_1266,0.0
atompair_1261,0.0
atompair_1257,0.0
atompair_1255,0.0
atompair_1254,0.0
atompair_1252,0.0
atompair_1251,0.0
morgan_1615,0.0
morgan_1613,0.0
morgan_1612,0.0
morgan_1611,0.0
morgan_1610,0.0
morgan_1606,0.0
morgan_1605,0.0
morgan_1602,0.0
morgan_1633,0.0
morgan_1597,0.0
morgan_1596,0.0
morgan_1595,0.0
morgan_1592,0.0
morgan_1591,0.0
morgan_1590,0.0
morgan_1587,0.0
morgan_1586,0.0
atompair_1280,0.0
atompair_1279,0.0
atompair_1274,0.0
atompair_1273,0.0
atompair_1271,0.0
atompair_1270,0.0
atompair_1269,0.0
atompair_1267,0.0
morgan_1576,0.0
morgan_1575,0.0
morgan_1572,0.0
morgan_1571,0.0
morgan_1570,0.0
atompair_1299,0.0
atompair_1298,0.0
atompair_1293,0.0
atompair_1292,0.0
atompair_1289,0.0
atompair_1288,0.0
atompair_1285,0.0
atompair_1283,0.0
atompair_1282,0.0
atompair_1281,0.0
morgan_1600,0.0
atompair_1324,0.0
atompair_1322,0.0
atompair_1319,0.0
atompair_1318,0.0
atompair_1315,0.0
atompair_1314,0.0
atompair_1313,0.0
atompair_1311,0.0
atompair_1310,0.0
atompair_1309,0.0
atompair_1308,0.0
morgan_1584,0.0
morgan_1583,0.0
morgan_1580,0.0
morgan_1578,0.0
morgan_1577,0.0
morgan_1565,0.0
morgan_1563,0.0
morgan_1562,0.0
morgan_1561,0.0
morgan_1560,0.0
morgan_1559,0.0
morgan_1558,0.0
morgan_1557,0.0
morgan_1556,0.0
morgan_1554,0.0
atompair_1335,0.0
atompair_1332,0.0
atompair_1331,0.0
atompair_1329,0.0
atompair_1326,0.0
atompair_1325,0.0
atompair_1357,0.0
atompair_1356,0.0
atompair_1354,0.0
atompair_1353,0.0
atompair_1352,0.0
atompair_1351,0.0
atompair_1350,0.0
atompair_1349,0.0
atompair_1347,0.0
atompair_1346,0.0
atompair_1343,0.0
atompair_1342,0.0
morgan_1569,0.0
morgan_1568,0.0
morgan_1567,0.0
morgan_1566,0.0
morgan_1551,0.0
morgan_1550,0.0
morgan_1546,0.0
morgan_1544,0.0
morgan_1543,0.0
morgan_1541,0.0
morgan_1539,0.0
morgan_1538,0.0
atompair_1371,0.0
atompair_1369,0.0
atompair_1368,0.0
atompair_1367,0.0
atompair_1366,0.0
atompair_1363,0.0
atompair_1362,0.0
atompair_1358,0.0
morgan_1536,0.0
morgan_1534,0.0
morgan_1531,0.0
morgan_1527,0.0
morgan_1525,0.0
morgan_1524,0.0
morgan_1523,0.0
atompair_1390,0.0
atompair_1389,0.0
atompair_1388,0.0
atompair_1386,0.0
atompair_1383,0.0
atompair_1381,0.0
atompair_1378,0.0
morgan_1553,0.0
morgan_1552,0.0
atompair_1417,0.0
atompair_1414,0.0
atompair_1411,0.0
atompair_1410,0.0
atompair_1406,0.0
atompair_1405,0.0
atompair_1404,0.0
atompair_1403,0.0
atompair_1402,0.0
atompair_1401,0.0
atompair_1399,0.0
atompair_1398,0.0
atompair_1397,0.0
atompair_1395,0.0
atompair_1394,0.0
atompair_1393,0.0
morgan_1520,0.0
morgan_1519,0.0
morgan_1518,0.0
morgan_1517,0.0
morgan_1515,0.0
morgan_1514,0.0
morgan_1510,0.0
morgan_1509,0.0
morgan_1508,0.0
morgan_1507,0.0
atompair_1428,0.0
atompair_1427,0.0
atompair_1426,0.0
atompair_1421,0.0
atompair_1420,0.0
atompair_1418,0.0
morgan_1494,0.0
morgan_1493,0.0
morgan_1492,0.0
morgan_1491,0.0
morgan_1490,0.0
atompair_1449,0.0
atompair_1446,0.0
atompair_1445,0.0
atompair_1442,0.0
atompair_1441,0.0
atompair_1439,0.0
atompair_1438,0.0
atompair_1434,0.0
atompair_1433,0.0
atompair_1432,0.0
atompair_1429,0.0
morgan_1481,0.0
morgan_1479,0.0
morgan_1474,0.0
atompair_1466,0.0
atompair_1465,0.0
atompair_1462,0.0
atompair_1459,0.0
atompair_1455,0.0
atompair_1454,0.0
atompair_1453,0.0
atompair_1450,0.0
morgan_1505,0.0
morgan_1501,0.0
morgan_1498,0.0
morgan_1497,0.0
morgan_1495,0.0
morgan_1464,0.0
morgan_1463,0.0
morgan_1462,0.0
morgan_1461,0.0
morgan_1460,0.0
morgan_1459,0.0
atompair_1486,0.0
atompair_1483,0.0
atompair_1478,0.0
atompair_1477,0.0
atompair_1476,0.0
atompair_1475,0.0
morgan_1486,0.0
morgan_1485,0.0
morgan_1484,0.0
morgan_1483,0.0
morgan_1446,0.0
morgan_1445,0.0
morgan_1444,0.0
morgan_1443,0.0
atompair_1502,0.0
atompair_1495,0.0
atompair_1494,0.0
atompair_1493,0.0
atompair_1491,0.0
atompair_1487,0.0
morgan_1473,0.0
morgan_1471,0.0
morgan_1469,0.0
morgan_1468,0.0
morgan_1466,0.0
morgan_1465,0.0
atompair_1526,0.0
atompair_1525,0.0
atompair_1522,0.0
atompair_1521,0.0
atompair_1517,0.0
atompair_1516,0.0
atompair_1515,0.0
atompair_1514,0.0
atompair_1513,0.0
atompair_1511,0.0
atompair_1506,0.0
atompair_1505,0.0
atompair_1503,0.0
morgan_1456,0.0
morgan_1454,0.0
morgan_1450,0.0
atompair_1550,0.0
atompair_1548,0.0
atompair_1547,0.0
atompair_1546,0.0
atompair_1543,0.0
atompair_1542,0.0
atompair_1541,0.0
atompair_1538,0.0
atompair_1537,0.0
atompair_1535,0.0
atompair_1534,0.0
atompair_1533,0.0
atompair_1531,0.0
atompair_1530,0.0
atompair_1529,0.0
atompair_1528,0.0
morgan_1439,0.0
morgan_1438,0.0
morgan_1437,0.0
morgan_1436,0.0
morgan_1435,0.0
morgan_1434,0.0
morgan_1433,0.0
morgan_1432,0.0
morgan_1429,0.0
morgan_1428,0.0
morgan_1427,0.0
atompair_1557,0.0
atompair_1554,0.0
atompair_1553,0.0
atompair_1552,0.0
atompair_1551,0.0
morgan_1415,0.0
morgan_1414,0.0
morgan_1413,0.0
morgan_1412,0.0
atompair_1575,0.0
atompair_1574,0.0
atompair_1573,0.0
atompair_1570,0.0
atompair_1569,0.0
atompair_1565,0.0
atompair_1564,0.0
atompair_1562,0.0
atompair_1559,0.0
atompair_1558,0.0
morgan_1441,0.0
morgan_1440,0.0
atompair_1598,0.0
atompair_1595,0.0
atompair_1590,0.0
atompair_1585,0.0
atompair_1584,0.0
atompair_1583,0.0
atompair_1582,0.0
atompair_1581,0.0
atompair_1580,0.0
atompair_1579,0.0
atompair_1578,0.0
morgan_1425,0.0
morgan_1423,0.0
morgan_1422,0.0
morgan_1421,0.0
morgan_1417,0.0
morgan_1408,0.0
morgan_1404,0.0
morgan_1403,0.0
morgan_1402,0.0
morgan_1396,0.0
morgan_1395,0.0
morgan_1394,0.0
atompair_1611,0.0
atompair_1610,0.0
atompair_1609,0.0
atompair_1608,0.0
atompair_1607,0.0
atompair_1606,0.0
atompair_1603,0.0
atompair_1602,0.0
atompair_1601,0.0
morgan_1389,0.0
morgan_1388,0.0
morgan_1383,0.0
morgan_1382,0.0
morgan_1379,0.0
morgan_1378,0.0
atompair_1634,0.0
atompair_1629,0.0
atompair_1628,0.0
atompair_1626,0.0
atompair_1623,0.0
atompair_1622,0.0
atompair_1617,0.0
atompair_1616,0.0
atompair_1615,0.0
morgan_1409,0.0
atompair_1657,0.0
atompair_1656,0.0
atompair_1654,0.0
atompair_1653,0.0
atompair_1649,0.0
atompair_1648,0.0
atompair_1647,0.0
atompair_1646,0.0
atompair_1644,0.0
atompair_1643,0.0
atompair_1642,0.0
atompair_1639,0.0
atompair_1638,0.0
atompair_1635,0.0
morgan_1392,0.0
morgan_1390,0.0
morgan_1370,0.0
morgan_1368,0.0
morgan_1367,0.0
morgan_1365,0.0
morgan_1363,0.0
morgan_1362,0.0
atompair_1673,0.0
atompair_1672,0.0
atompair_1670,0.0
atompair_1669,0.0
atompair_1667,0.0
atompair_1666,0.0
atompair_1665,0.0
atompair_1662,0.0
atompair_1661,0.0
atompair_1660,0.0
atompair_1700,0.0
atompair_1698,0.0
atompair_1697,0.0
atompair_1696,0.0
atompair_1695,0.0
atompair_1694,0.0
atompair_1690,0.0
atompair_1689,0.0
atompair_1681,0.0
atompair_1680,0.0
atompair_1677,0.0
atompair_1674,0.0
morgan_1376,0.0
morgan_1374,0.0
morgan_1373,0.0
morgan_1371,0.0
atompair_1724,0.0
atompair_1723,0.0
atompair_1722,0.0
atompair_1721,0.0
atompair_1719,0.0
atompair_1714,0.0
atompair_1713,0.0
atompair_1711,0.0
atompair_1710,0.0
atompair_1709,0.0
atompair_1707,0.0
atompair_1706,0.0
atompair_1705,0.0
atompair_1704,0.0
atompair_1702,0.0
atompair_1701,0.0
morgan_1360,0.0
morgan_1359,0.0
morgan_1358,0.0
morgan_1355,0.0
morgan_1354,0.0
morgan_1353,0.0
morgan_1352,0.0
morgan_1351,0.0
morgan_1350,0.0
morgan_1348,0.0
morgan_1347,0.0
morgan_1346,0.0
atompair_1731,0.0
atompair_1730,0.0
atompair_1726,0.0
atompair_1725,0.0
morgan_1338,0.0
morgan_1337,0.0
morgan_1335,0.0
morgan_1332,0.0
morgan_1331,0.0
morgan_1330,0.0
atompair_1749,0.0
atompair_1748,0.0
atompair_1746,0.0
atompair_1743,0.0
atompair_1739,0.0
atompair_1738,0.0
atompair_1737,0.0
atompair_1735,0.0
atompair_1734,0.0
morgan_1361,0.0
atompair_1772,0.0
atompair_1770,0.0
atompair_1767,0.0
atompair_1766,0.0
atompair_1765,0.0
atompair_1763,0.0
atompair_1762,0.0
atompair_1758,0.0
atompair_1754,0.0
atompair_1753,0.0
morgan_1345,0.0
morgan_1343,0.0
morgan_1342,0.0
morgan_1341,0.0
morgan_1340,0.0
morgan_1339,0.0
morgan_1320,0.0
morgan_1318,0.0
morgan_1317,0.0
morgan_1315,0.0
atompair_1790,0.0
atompair_1789,0.0
atompair_1786,0.0
atompair_1785,0.0
atompair_1784,0.0
atompair_1781,0.0
atompair_1780,0.0
atompair_1778,0.0
atompair_1777,0.0
atompair_1775,0.0
atompair_1774,0.0
atompair_1773,0.0
morgan_1304,0.0
morgan_1303,0.0
atompair_1810,0.0
atompair_1807,0.0
atompair_1806,0.0
atompair_1803,0.0
atompair_1802,0.0
atompair_1794,0.0
atompair_1793,0.0
morgan_1329,0.0
morgan_1328,0.0
morgan_1327,0.0
morgan_1326,0.0
morgan_1325,0.0
morgan_1324,0.0
morgan_1321,0.0
atompair_1839,0.0
atompair_1838,0.0
atompair_1835,0.0
atompair_1834,0.0
atompair_1833,0.0
atompair_1830,0.0
atompair_1829,0.0
atompair_1828,0.0
atompair_1822,0.0
atompair_1821,0.0
atompair_1819,0.0
atompair_1815,0.0
morgan_1311,0.0
morgan_1310,0.0
morgan_1307,0.0
morgan_1306,0.0
morgan_1296,0.0
morgan_1294,0.0
morgan_1293,0.0
morgan_1291,0.0
morgan_1290,0.0
morgan_1288,0.0
morgan_1286,0.0
morgan_1285,0.0
morgan_1284,0.0
morgan_1283,0.0
atompair_1848,0.0
atompair_1846,0.0
atompair_1844,0.0
atompair_1842,0.0
atompair_1841,0.0
atompair_1840,0.0
atompair_1872,0.0
atompair_1871,0.0
atompair_1870,0.0
atompair_1869,0.0
atompair_1867,0.0
atompair_1866,0.0
atompair_1863,0.0
atompair_1862,0.0
atompair_1861,0.0
atompair_1859,0.0
atompair_1858,0.0
atompair_1853,0.0
atompair_1852,0.0
atompair_1851,0.0
atompair_1850,0.0
atompair_1849,0.0
morgan_1276,0.0
morgan_1275,0.0
morgan_1273,0.0
morgan_1272,0.0
morgan_1271,0.0
morgan_1268,0.0
morgan_1267,0.0
morgan_1266,0.0
atompair_1886,0.0
atompair_1885,0.0
atompair_1881,0.0
atompair_1877,0.0
atompair_1876,0.0
atompair_1875,0.0
atompair_1874,0.0
atompair_1873,0.0
atompair_1911,0.0
atompair_1910,0.0
atompair_1906,0.0
atompair_1903,0.0
atompair_1902,0.0
atompair_1901,0.0
atompair_1899,0.0
atompair_1898,0.0
atompair_1895,0.0
atompair_1891,0.0
atompair_1890,0.0
atompair_1889,0.0
morgan_1281,0.0
morgan_1280,0.0
morgan_1279,0.0
morgan_1278,0.0
morgan_1264,0.0
morgan_1263,0.0
morgan_1262,0.0
morgan_1261,0.0
morgan_1260,0.0
morgan_1254,0.0
morgan_1252,0.0
morgan_1251,0.0
morgan_1250,0.0
atompair_1920,0.0
atompair_1918,0.0
atompair_1917,0.0
atompair_1916,0.0
atompair_1915,0.0
atompair_1914,0.0
atompair_1913,0.0
atompair_1956,0.0
atompair_1954,0.0
atompair_1950,0.0
atompair_1949,0.0
atompair_1947,0.0
atompair_1942,0.0
atompair_1941,0.0
atompair_1940,0.0
atompair_1936,0.0
atompair_1934,0.0
atompair_1930,0.0
atompair_1926,0.0
atompair_1925,0.0
atompair_1923,0.0
atompair_1922,0.0
morgan_1265,0.0
morgan_1247,0.0
morgan_1244,0.0
morgan_1243,0.0
morgan_1242,0.0
morgan_1241,0.0
morgan_1240,0.0
morgan_1239,0.0
morgan_1238,0.0
morgan_1237,0.0
morgan_1236,0.0
morgan_1234,0.0
atompair_1963,0.0
atompair_1962,0.0
atompair_1961,0.0
atompair_1958,0.0
atompair_1957,0.0
morgan_1228,0.0
morgan_1227,0.0
morgan_1226,0.0
morgan_1223,0.0
morgan_1219,0.0
atompair_1981,0.0
atompair_1978,0.0
atompair_1974,0.0
atompair_1973,0.0
atompair_1970,0.0
atompair_1969,0.0
atompair_1967,0.0
atompair_1966,0.0
atompair_1965,0.0
morgan_1249,0.0
morgan_1248,0.0
morgan_1206,0.0
morgan_1203,0.0
morgan_1202,0.0
atompair_2001,0.0
atompair_2000,0.0
atompair_1998,0.0
atompair_1997,0.0
atompair_1994,0.0
atompair_1991,0.0
atompair_1990,0.0
atompair_1987,0.0
atompair_1985,0.0
morgan_1233,0.0
morgan_1231,0.0
morgan_1230,0.0
morgan_1229,0.0
atompair_2027,0.0
atompair_2026,0.0
atompair_2023,0.0
atompair_2018,0.0
atompair_2014,0.0
atompair_2013,0.0
atompair_2010,0.0
atompair_2006,0.0
atompair_2002,0.0
morgan_1217,0.0
morgan_1216,0.0
morgan_1214,0.0
morgan_1213,0.0
morgan_1210,0.0
morgan_1209,0.0
morgan_1207,0.0
morgan_1200,0.0
morgan_1198,0.0
morgan_1197,0.0
morgan_1196,0.0
morgan_1194,0.0
morgan_1193,0.0
morgan_1192,0.0
morgan_1189,0.0
morgan_1188,0.0
morgan_1186,0.0
atompair_2039,0.0
atompair_2038,0.0
atompair_2034,0.0
atompair_2033,0.0
atompair_2032,0.0
atompair_2031,0.0
torsion_18,0.0
torsion_17,0.0
torsion_15,0.0
torsion_10,0.0
torsion_9,0.0
torsion_8,0.0
torsion_6,0.0
torsion_5,0.0
torsion_4,0.0
torsion_2,0.0
torsion_1,0.0
torsion_0,0.0
atompair_2045,0.0
atompair_2044,0.0
atompair_2043,0.0
atompair_2042,0.0
morgan_1180,0.0
morgan_1179,0.0
morgan_1178,0.0
morgan_1177,0.0
morgan_1176,0.0
morgan_1175,0.0
morgan_1174,0.0
morgan_1173,0.0
morgan_1171,0.0
morgan_1170,0.0
torsion_32,0.0
torsion_31,0.0
torsion_28,0.0
torsion_26,0.0
torsion_25,0.0
torsion_21,0.0
torsion_63,0.0
torsion_62,0.0
torsion_57,0.0
torsion_56,0.0
torsion_54,0.0
torsion_53,0.0
torsion_51,0.0
torsion_45,0.0
torsion_41,0.0
torsion_40,0.0
torsion_38,0.0
torsion_37,0.0
torsion_36,0.0
torsion_35,0.0
torsion_34,0.0
torsion_33,0.0
morgan_1166,0.0
morgan_1165,0.0
morgan_1161,0.0
morgan_1159,0.0
morgan_1158,0.0
morgan_1157,0.0
morgan_1156,0.0
morgan_1154,0.0
torsion_74,0.0
torsion_73,0.0
torsion_72,0.0
torsion_70,0.0
torsion_69,0.0
torsion_66,0.0
torsion_65,0.0
torsion_64,0.0
torsion_100,0.0
torsion_98,0.0
torsion_94,0.0
torsion_93,0.0
torsion_92,0.0
torsion_90,0.0
torsion_89,0.0
torsion_88,0.0
torsion_85,0.0
torsion_84,0.0
torsion_82,0.0
torsion_78,0.0
torsion_77,0.0
morgan_1169,0.0
morgan_1168,0.0
morgan_1167,0.0
morgan_1149,0.0
morgan_1148,0.0
morgan_1147,0.0
morgan_1144,0.0
morgan_1142,0.0
torsion_118,0.0
torsion_117,0.0
torsion_116,0.0
torsion_115,0.0
torsion_114,0.0
torsion_113,0.0
torsion_110,0.0
torsion_109,0.0
torsion_105,0.0
torsion_104,0.0
torsion_101,0.0
torsion_142,0.0
torsion_138,0.0
torsion_137,0.0
torsion_136,0.0
torsion_135,0.0
torsion_134,0.0
torsion_133,0.0
torsion_131,0.0
torsion_130,0.0
torsion_129,0.0
torsion_128,0.0
torsion_126,0.0
torsion_123,0.0
torsion_122,0.0
morgan_1153,0.0
morgan_1151,0.0
morgan_1133,0.0
morgan_1132,0.0
morgan_1131,0.0
morgan_1130,0.0
morgan_1127,0.0
morgan_1125,0.0
morgan_1124,0.0
morgan_1122,0.0
torsion_157,0.0
torsion_156,0.0
torsion_155,0.0
torsion_154,0.0
torsion_153,0.0
torsion_150,0.0
torsion_146,0.0
torsion_145,0.0
torsion_181,0.0
torsion_180,0.0
torsion_178,0.0
torsion_177,0.0
torsion_173,0.0
torsion_170,0.0
torsion_169,0.0
torsion_168,0.0
torsion_165,0.0
torsion_162,0.0
torsion_161,0.0
torsion_160,0.0
torsion_159,0.0
torsion_158,0.0
morgan_1137,0.0
morgan_1135,0.0
torsion_213,0.0
torsion_212,0.0
torsion_209,0.0
torsion_208,0.0
torsion_205,0.0
torsion_201,0.0
torsion_200,0.0
torsion_198,0.0
torsion_197,0.0
torsion_196,0.0
torsion_195,0.0
torsion_194,0.0
torsion_193,0.0
torsion_189,0.0
torsion_188,0.0
torsion_185,0.0
torsion_233,0.0
torsion_231,0.0
torsion_230,0.0
torsion_229,0.0
torsion_228,0.0
torsion_225,0.0
torsion_224,0.0
torsion_223,0.0
torsion_222,0.0
torsion_221,0.0
torsion_220,0.0
torsion_219,0.0
torsion_218,0.0
torsion_217,0.0
torsion_216,0.0
torsion_214,0.0
morgan_1115,0.0
morgan_1112,0.0
morgan_1111,0.0
morgan_1110,0.0
morgan_1109,0.0
morgan_1108,0.0
morgan_1107,0.0
torsion_246,0.0
torsion_245,0.0
torsion_244,0.0
torsion_242,0.0
torsion_241,0.0
torsion_239,0.0
torsion_238,0.0
torsion_236,0.0
torsion_234,0.0
torsion_270,0.0
torsion_269,0.0
torsion_267,0.0
torsion_266,0.0
torsion_262,0.0
torsion_261,0.0
torsion_260,0.0
torsion_257,0.0
torsion_254,0.0
torsion_252,0.0
torsion_251,0.0
torsion_250,0.0
torsion_247,0.0
morgan_1118,0.0
morgan_1117,0.0
morgan_1116,0.0
morgan_1100,0.0
morgan_1099,0.0
morgan_1098,0.0
morgan_1094,0.0
morgan_1092,0.0
morgan_1091,0.0
morgan_1090,0.0
torsion_283,0.0
torsion_282,0.0
torsion_281,0.0
torsion_278,0.0
torsion_277,0.0
torsion_276,0.0
torsion_275,0.0
torsion_274,0.0
torsion_271,0.0
morgan_1081,0.0
morgan_1078,0.0
morgan_1076,0.0
torsion_303,0.0
torsion_302,0.0
torsion_301,0.0
torsion_297,0.0
torsion_296,0.0
torsion_294,0.0
torsion_290,0.0
torsion_289,0.0
torsion_288,0.0
torsion_287,0.0
morgan_1104,0.0
morgan_1103,0.0
morgan_1102,0.0
morgan_1059,0.0
torsion_318,0.0
torsion_317,0.0
torsion_316,0.0
torsion_315,0.0
torsion_314,0.0
torsion_313,0.0
torsion_312,0.0
torsion_310,0.0
torsion_309,0.0
torsion_306,0.0
torsion_305,0.0
torsion_304,0.0
morgan_1086,0.0
morgan_1085,0.0
morgan_1082,0.0
torsion_345,0.0
torsion_343,0.0
torsion_342,0.0
torsion_341,0.0
torsion_339,0.0
torsion_338,0.0
torsion_337,0.0
torsion_334,0.0
torsion_331,0.0
torsion_326,0.0
torsion_325,0.0
torsion_324,0.0
torsion_323,0.0
morgan_1072,0.0
morgan_1068,0.0
morgan_1067,0.0
morgan_1055,0.0
morgan_1054,0.0
morgan_1052,0.0
morgan_1050,0.0
morgan_1048,0.0
morgan_1044,0.0
morgan_1043,0.0
morgan_1042,0.0
torsion_357,0.0
torsion_356,0.0
torsion_353,0.0
torsion_352,0.0
torsion_351,0.0
torsion_350,0.0
torsion_347,0.0
torsion_346,0.0
morgan_1037,0.0
morgan_1036,0.0
morgan_1033,0.0
morgan_1032,0.0
morgan_1031,0.0
morgan_1030,0.0
morgan_1026,0.0
torsion_375,0.0
torsion_373,0.0
torsion_370,0.0
torsion_369,0.0
torsion_367,0.0
torsion_366,0.0
torsion_365,0.0
torsion_362,0.0
morgan_1056,0.0
morgan_1022,0.0
morgan_1020,0.0
morgan_1018,0.0
morgan_1015,0.0
morgan_1012,0.0
torsion_391,0.0
torsion_390,0.0
torsion_389,0.0
torsion_388,0.0
torsion_387,0.0
torsion_386,0.0
torsion_383,0.0
torsion_382,0.0
morgan_1041,0.0
morgan_1040,0.0
morgan_1038,0.0
torsion_416,0.0
torsion_415,0.0
torsion_414,0.0
torsion_413,0.0
torsion_411,0.0
torsion_407,0.0
torsion_406,0.0
torsion_405,0.0
torsion_402,0.0
torsion_401,0.0
torsion_400,0.0
torsion_399,0.0
torsion_398,0.0
morgan_1025,0.0
morgan_1024,0.0
morgan_1023,0.0
morgan_1003,0.0
morgan_1002,0.0
morgan_1001,0.0
morgan_997,0.0
morgan_996,0.0
morgan_995,0.0
morgan_994,0.0
torsion_430,0.0
torsion_429,0.0
torsion_428,0.0
torsion_426,0.0
torsion_425,0.0
torsion_424,0.0
torsion_422,0.0
torsion_420,0.0
torsion_417,0.0
morgan_986,0.0
morgan_985,0.0
morgan_983,0.0
morgan_982,0.0
morgan_978,0.0
torsion_451,0.0
torsion_450,0.0
torsion_447,0.0
torsion_446,0.0
torsion_445,0.0
torsion_442,0.0
torsion_441,0.0
torsion_438,0.0
torsion_437,0.0
torsion_435,0.0
morgan_1006,0.0
morgan_963,0.0
morgan_962,0.0
torsion_469,0.0
torsion_467,0.0
torsion_466,0.0
torsion_465,0.0
torsion_461,0.0
torsion_459,0.0
torsion_458,0.0
torsion_457,0.0
torsion_455,0.0
morgan_993,0.0
morgan_991,0.0
morgan_990,0.0
morgan_989,0.0
morgan_988,0.0
torsion_490,0.0
torsion_489,0.0
torsion_486,0.0
torsion_482,0.0
torsion_479,0.0
torsion_478,0.0
torsion_474,0.0
torsion_473,0.0
torsion_470,0.0
morgan_977,0.0
morgan_973,0.0
morgan_972,0.0
morgan_971,0.0
morgan_969,0.0
morgan_967,0.0
morgan_966,0.0
morgan_953,0.0
morgan_952,0.0
morgan_951,0.0
morgan_950,0.0
morgan_949,0.0
morgan_948,0.0
morgan_946,0.0
torsion_509,0.0
torsion_508,0.0
torsion_506,0.0
torsion_505,0.0
torsion_503,0.0
torsion_502,0.0
torsion_499,0.0
torsion_498,0.0
torsion_492,0.0
morgan_938,0.0
morgan_934,0.0
morgan_933,0.0
morgan_930,0.0
torsion_528,0.0
torsion_526,0.0
torsion_523,0.0
torsion_518,0.0
torsion_517,0.0
torsion_514,0.0
torsion_513,0.0
torsion_512,0.0
torsion_511,0.0
torsion_510,0.0
morgan_957,0.0
morgan_955,0.0
morgan_919,0.0
morgan_916,0.0
morgan_915,0.0
torsion_543,0.0
torsion_542,0.0
torsion_539,0.0
torsion_538,0.0
torsion_535,0.0
torsion_533,0.0
torsion_530,0.0
torsion_529,0.0
morgan_945,0.0
morgan_944,0.0
morgan_943,0.0
morgan_942,0.0
morgan_939,0.0
torsion_568,0.0
torsion_566,0.0
torsion_562,0.0
torsion_561,0.0
torsion_559,0.0
torsion_558,0.0
torsion_554,0.0
torsion_550,0.0
torsion_548,0.0
torsion_546,0.0
morgan_928,0.0
morgan_925,0.0
morgan_923,0.0
morgan_922,0.0
morgan_921,0.0
morgan_920,0.0
morgan_902,0.0
morgan_901,0.0
morgan_900,0.0
morgan_899,0.0
morgan_898,0.0
torsion_584,0.0
torsion_582,0.0
torsion_581,0.0
torsion_580,0.0
torsion_579,0.0
torsion_578,0.0
torsion_577,0.0
torsion_574,0.0
torsion_573,0.0
torsion_570,0.0
torsion_569,0.0
torsion_609,0.0
torsion_606,0.0
torsion_605,0.0
torsion_602,0.0
torsion_598,0.0
torsion_597,0.0
torsion_594,0.0
torsion_590,0.0
torsion_589,0.0
torsion_586,0.0
morgan_913,0.0
morgan_911,0.0
morgan_908,0.0
morgan_905,0.0
morgan_904,0.0
morgan_903,0.0
torsion_641,0.0
torsion_640,0.0
torsion_638,0.0
torsion_637,0.0
torsion_635,0.0
torsion_634,0.0
torsion_632,0.0
torsion_629,0.0
torsion_628,0.0
torsion_626,0.0
torsion_625,0.0
torsion_624,0.0
torsion_622,0.0
torsion_618,0.0
torsion_614,0.0
torsion_610,0.0
morgan_896,0.0
morgan_895,0.0
morgan_894,0.0
morgan_893,0.0
morgan_892,0.0
morgan_891,0.0
morgan_890,0.0
morgan_889,0.0
morgan_887,0.0
morgan_886,0.0
morgan_885,0.0
morgan_882,0.0
torsion_646,0.0
torsion_645,0.0
torsion_643,0.0
torsion_642,0.0
morgan_877,0.0
morgan_874,0.0
morgan_873,0.0
morgan_872,0.0
morgan_871,0.0
morgan_869,0.0
morgan_867,0.0
torsion_666,0.0
torsion_664,0.0
torsion_662,0.0
torsion_661,0.0
torsion_658,0.0
torsion_657,0.0
torsion_655,0.0
torsion_650,0.0
torsion_649,0.0
torsion_690,0.0
torsion_686,0.0
torsion_685,0.0
torsion_683,0.0
torsion_682,0.0
torsion_678,0.0
torsion_677,0.0
torsion_673,0.0
torsion_670,0.0
morgan_861,0.0
morgan_858,0.0
morgan_857,0.0
morgan_856,0.0
morgan_854,0.0
morgan_851,0.0
morgan_880,0.0
morgan_840,0.0
morgan_839,0.0
morgan_837,0.0
morgan_836,0.0
morgan_834,0.0
torsion_706,0.0
torsion_705,0.0
torsion_704,0.0
torsion_702,0.0
torsion_701,0.0
torsion_700,0.0
torsion_699,0.0
torsion_698,0.0
torsion_695,0.0
torsion_694,0.0
torsion_691,0.0
torsion_737,0.0
torsion_735,0.0
torsion_734,0.0
torsion_730,0.0
torsion_726,0.0
torsion_725,0.0
torsion_722,0.0
torsion_721,0.0
torsion_718,0.0
torsion_714,0.0
torsion_713,0.0
torsion_710,0.0
torsion_707,0.0
morgan_845,0.0
morgan_844,0.0
morgan_842,0.0
morgan_832,0.0
morgan_831,0.0
morgan_830,0.0
morgan_829,0.0
morgan_828,0.0
morgan_826,0.0
morgan_825,0.0
morgan_824,0.0
morgan_823,0.0
morgan_822,0.0
morgan_821,0.0
morgan_819,0.0
morgan_818,0.0
torsion_743,0.0
torsion_742,0.0
torsion_739,0.0
morgan_814,0.0
morgan_812,0.0
morgan_811,0.0
morgan_810,0.0
morgan_809,0.0
morgan_808,0.0
morgan_804,0.0
morgan_802,0.0
torsion_763,0.0
torsion_758,0.0
torsion_754,0.0
torsion_753,0.0
torsion_749,0.0
torsion_748,0.0
torsion_746,0.0
morgan_833,0.0
torsion_797,0.0
torsion_793,0.0
torsion_792,0.0
torsion_790,0.0
torsion_784,0.0
torsion_781,0.0
torsion_780,0.0
torsion_778,0.0
torsion_777,0.0
torsion_774,0.0
torsion_773,0.0
torsion_772,0.0
torsion_770,0.0
torsion_769,0.0
torsion_767,0.0
morgan_817,0.0
morgan_800,0.0
morgan_798,0.0
morgan_797,0.0
morgan_796,0.0
morgan_795,0.0
morgan_793,0.0
morgan_792,0.0
morgan_791,0.0
morgan_789,0.0
torsion_813,0.0
torsion_810,0.0
torsion_809,0.0
torsion_806,0.0
torsion_805,0.0
torsion_801,0.0
torsion_800,0.0
torsion_841,0.0
torsion_840,0.0
torsion_838,0.0
torsion_837,0.0
torsion_836,0.0
torsion_834,0.0
torsion_833,0.0
torsion_832,0.0
torsion_829,0.0
torsion_825,0.0
torsion_824,0.0
torsion_822,0.0
torsion_821,0.0
torsion_817,0.0
torsion_814,0.0
morgan_801,0.0
morgan_778,0.0
morgan_777,0.0
morgan_775,0.0
morgan_773,0.0
morgan_772,0.0
morgan_770,0.0
torsion_864,0.0
torsion_862,0.0
torsion_858,0.0
torsion_857,0.0
torsion_856,0.0
torsion_852,0.0
torsion_849,0.0
torsion_845,0.0
torsion_844,0.0
torsion_842,0.0
torsion_893,0.0
torsion_892,0.0
torsion_886,0.0
torsion_885,0.0
torsion_881,0.0
torsion_878,0.0
torsion_877,0.0
torsion_875,0.0
torsion_870,0.0
torsion_868,0.0
torsion_866,0.0
torsion_865,0.0
morgan_783,0.0
morgan_782,0.0
morgan_780,0.0
morgan_779,0.0
morgan_767,0.0
morgan_766,0.0
morgan_765,0.0
morgan_764,0.0
morgan_762,0.0
morgan_761,0.0
morgan_760,0.0
morgan_757,0.0
morgan_756,0.0
torsion_906,0.0
torsion_905,0.0
torsion_902,0.0
torsion_901,0.0
torsion_899,0.0
torsion_898,0.0
torsion_897,0.0
morgan_741,0.0
torsion_933,0.0
torsion_932,0.0
torsion_931,0.0
torsion_930,0.0
torsion_928,0.0
torsion_926,0.0
torsion_925,0.0
torsion_921,0.0
torsion_920,0.0
torsion_917,0.0
torsion_913,0.0
torsion_912,0.0
torsion_909,0.0
morgan_769,0.0
morgan_768,0.0
torsion_957,0.0
torsion_954,0.0
torsion_953,0.0
torsion_950,0.0
torsion_949,0.0
torsion_946,0.0
torsion_944,0.0
torsion_942,0.0
torsion_938,0.0
torsion_934,0.0
morgan_752,0.0
morgan_751,0.0
morgan_749,0.0
morgan_748,0.0
morgan_746,0.0
morgan_744,0.0
torsion_989,0.0
torsion_988,0.0
torsion_985,0.0
torsion_982,0.0
torsion_981,0.0
torsion_980,0.0
torsion_977,0.0
torsion_974,0.0
torsion_973,0.0
torsion_972,0.0
torsion_969,0.0
torsion_966,0.0
torsion_965,0.0
torsion_962,0.0
torsion_961,0.0
torsion_960,0.0
morgan_732,0.0
morgan_731,0.0
morgan_730,0.0
morgan_729,0.0
morgan_727,0.0
morgan_726,0.0
morgan_724,0.0
morgan_723,0.0
morgan_722,0.0
torsion_1001,0.0
torsion_1000,0.0
torsion_999,0.0
torsion_998,0.0
torsion_994,0.0
torsion_993,0.0
torsion_990,0.0
torsion_1023,0.0
torsion_1022,0.0
torsion_1021,0.0
torsion_1018,0.0
torsion_1017,0.0
torsion_1014,0.0
torsion_1013,0.0
torsion_1012,0.0
torsion_1009,0.0
torsion_1007,0.0
torsion_1006,0.0
torsion_1004,0.0
torsion_1002,0.0
morgan_737,0.0
morgan_735,0.0
morgan_733,0.0
torsion_1053,0.0
torsion_1052,0.0
torsion_1050,0.0
torsion_1049,0.0
torsion_1045,0.0
torsion_1042,0.0
torsion_1041,0.0
torsion_1037,0.0
torsion_1034,0.0
torsion_1033,0.0
torsion_1032,0.0
torsion_1030,0.0
torsion_1029,0.0
torsion_1026,0.0
torsion_1025,0.0
torsion_1024,0.0
morgan_720,0.0
morgan_719,0.0
morgan_717,0.0
morgan_714,0.0
morgan_713,0.0
morgan_712,0.0
morgan_710,0.0
morgan_709,0.0
morgan_708,0.0
morgan_707,0.0
torsion_1066,0.0
torsion_1065,0.0
torsion_1062,0.0
torsion_1061,0.0
torsion_1058,0.0
torsion_1054,0.0
torsion_1101,0.0
torsion_1097,0.0
torsion_1093,0.0
torsion_1092,0.0
torsion_1089,0.0
torsion_1088,0.0
torsion_1086,0.0
torsion_1085,0.0
torsion_1081,0.0
torsion_1080,0.0
torsion_1077,0.0
torsion_1076,0.0
torsion_1074,0.0
torsion_1073,0.0
torsion_1070,0.0
torsion_1069,0.0
torsion_1125,0.0
torsion_1124,0.0
torsion_1122,0.0
torsion_1121,0.0
torsion_1120,0.0
torsion_1119,0.0
torsion_1118,0.0
torsion_1117,0.0
torsion_1116,0.0
torsion_1114,0.0
torsion_1113,0.0
torsion_1110,0.0
torsion_1109,0.0
torsion_1108,0.0
torsion_1105,0.0
torsion_1104,0.0
morgan_701,0.0
morgan_700,0.0
morgan_699,0.0
morgan_697,0.0
morgan_696,0.0
morgan_693,0.0
morgan_691,0.0
torsion_1145,0.0
torsion_1141,0.0
torsion_1140,0.0
torsion_1137,0.0
torsion_1136,0.0
torsion_1133,0.0
torsion_1132,0.0
torsion_1129,0.0
torsion_1128,0.0
morgan_682,0.0
morgan_681,0.0
morgan_680,0.0
morgan_678,0.0
morgan_676,0.0
torsion_1170,0.0
torsion_1166,0.0
torsion_1161,0.0
torsion_1160,0.0
torsion_1156,0.0
torsion_1154,0.0
torsion_1149,0.0
torsion_1146,0.0
morgan_705,0.0
morgan_704,0.0
morgan_703,0.0
torsion_1192,0.0
torsion_1191,0.0
torsion_1190,0.0
torsion_1185,0.0
torsion_1184,0.0
torsion_1183,0.0
torsion_1182,0.0
torsion_1181,0.0
torsion_1178,0.0
torsion_1177,0.0
torsion_1175,0.0
torsion_1174,0.0
torsion_1173,0.0
morgan_688,0.0
morgan_685,0.0
morgan_683,0.0
torsion_1223,0.0
torsion_1222,0.0
torsion_1221,0.0
torsion_1218,0.0
torsion_1214,0.0
torsion_1210,0.0
torsion_1209,0.0
torsion_1206,0.0
torsion_1205,0.0
torsion_1204,0.0
torsion_1202,0.0
torsion_1200,0.0
torsion_1198,0.0
torsion_1197,0.0
torsion_1194,0.0
torsion_1193,0.0
torsion_1248,0.0
torsion_1246,0.0
torsion_1245,0.0
torsion_1244,0.0
torsion_1242,0.0
torsion_1241,0.0
torsion_1240,0.0
torsion_1238,0.0
torsion_1235,0.0
torsion_1234,0.0
torsion_1233,0.0
torsion_1229,0.0
torsion_1227,0.0
torsion_1226,0.0
torsion_1225,0.0
torsion_1224,0.0
morgan_673,0.0
morgan_672,0.0
morgan_671,0.0
morgan_670,0.0
morgan_669,0.0
morgan_667,0.0
morgan_665,0.0
morgan_664,0.0
morgan_663,0.0
morgan_662,0.0
morgan_661,0.0
morgan_660,0.0
morgan_659,0.0
torsion_1253,0.0
torsion_1252,0.0
torsion_1249,0.0
morgan_651,0.0
morgan_649,0.0
morgan_648,0.0
morgan_647,0.0
torsion_1274,0.0
torsion_1273,0.0
torsion_1272,0.0
torsion_1269,0.0
torsion_1266,0.0
torsion_1265,0.0
torsion_1264,0.0
torsion_1259,0.0
torsion_1258,0.0
torsion_1257,0.0
torsion_1256,0.0
torsion_1254,0.0
morgan_630,0.0
morgan_627,0.0
morgan_626,0.0
torsion_1300,0.0
torsion_1298,0.0
torsion_1294,0.0
torsion_1290,0.0
torsion_1289,0.0
torsion_1288,0.0
torsion_1285,0.0
torsion_1284,0.0
torsion_1281,0.0
torsion_1277,0.0
morgan_655,0.0
morgan_654,0.0
morgan_653,0.0
torsion_1322,0.0
torsion_1321,0.0
torsion_1318,0.0
torsion_1315,0.0
torsion_1314,0.0
torsion_1310,0.0
torsion_1309,0.0
torsion_1305,0.0
torsion_1304,0.0
torsion_1302,0.0
torsion_1301,0.0
morgan_640,0.0
morgan_637,0.0
morgan_634,0.0
morgan_633,0.0
morgan_631,0.0
morgan_617,0.0
morgan_616,0.0
morgan_615,0.0
morgan_614,0.0
morgan_613,0.0
morgan_612,0.0
morgan_610,0.0
torsion_1341,0.0
torsion_1338,0.0
torsion_1337,0.0
torsion_1334,0.0
torsion_1330,0.0
torsion_1329,0.0
torsion_1328,0.0
torsion_1327,0.0
torsion_1326,0.0
torsion_1365,0.0
torsion_1361,0.0
torsion_1360,0.0
torsion_1357,0.0
torsion_1354,0.0
torsion_1353,0.0
torsion_1350,0.0
torsion_1349,0.0
torsion_1347,0.0
torsion_1346,0.0
torsion_1342,0.0
morgan_624,0.0
morgan_621,0.0
morgan_620,0.0
morgan_619,0.0
morgan_618,0.0
morgan_608,0.0
morgan_605,0.0
morgan_604,0.0
morgan_601,0.0
morgan_597,0.0
morgan_596,0.0
morgan_595,0.0
torsion_1382,0.0
torsion_1381,0.0
torsion_1378,0.0
torsion_1377,0.0
torsion_1375,0.0
torsion_1374,0.0
torsion_1370,0.0
torsion_1368,0.0
torsion_1366,0.0
morgan_583,0.0
morgan_582,0.0
morgan_579,0.0
morgan_578,0.0
torsion_1412,0.0
torsion_1409,0.0
torsion_1408,0.0
torsion_1405,0.0
torsion_1401,0.0
torsion_1397,0.0
torsion_1396,0.0
torsion_1393,0.0
torsion_1392,0.0
torsion_1390,0.0
torsion_1386,0.0
torsion_1385,0.0
torsion_1433,0.0
torsion_1430,0.0
torsion_1429,0.0
torsion_1428,0.0
torsion_1422,0.0
torsion_1421,0.0
torsion_1418,0.0
torsion_1415,0.0
torsion_1414,0.0
morgan_593,0.0
morgan_592,0.0
morgan_590,0.0
morgan_589,0.0
morgan_587,0.0
morgan_585,0.0
morgan_584,0.0
morgan_572,0.0
morgan_571,0.0
morgan_570,0.0
morgan_568,0.0
morgan_567,0.0
morgan_564,0.0
morgan_563,0.0
torsion_1451,0.0
torsion_1450,0.0
torsion_1449,0.0
torsion_1446,0.0
torsion_1442,0.0
torsion_1441,0.0
torsion_1440,0.0
torsion_1438,0.0
torsion_1437,0.0
morgan_548,0.0
torsion_1476,0.0
torsion_1475,0.0
torsion_1474,0.0
torsion_1473,0.0
torsion_1472,0.0
torsion_1470,0.0
torsion_1469,0.0
torsion_1468,0.0
torsion_1465,0.0
torsion_1462,0.0
torsion_1461,0.0
torsion_1456,0.0
torsion_1454,0.0
morgan_575,0.0
morgan_574,0.0
torsion_1498,0.0
torsion_1495,0.0
torsion_1494,0.0
torsion_1490,0.0
torsion_1489,0.0
torsion_1486,0.0
torsion_1485,0.0
torsion_1482,0.0
torsion_1481,0.0
torsion_1478,0.0
morgan_561,0.0
morgan_558,0.0
morgan_557,0.0
morgan_556,0.0
morgan_553,0.0
morgan_551,0.0
morgan_534,0.0
morgan_533,0.0
morgan_532,0.0
morgan_531,0.0
morgan_530,0.0
torsion_1520,0.0
torsion_1517,0.0
torsion_1516,0.0
torsion_1514,0.0
torsion_1513,0.0
torsion_1512,0.0
torsion_1510,0.0
torsion_1509,0.0
torsion_1508,0.0
torsion_1500,0.0
torsion_1499,0.0
torsion_1544,0.0
torsion_1541,0.0
torsion_1539,0.0
torsion_1538,0.0
torsion_1535,0.0
torsion_1529,0.0
torsion_1528,0.0
torsion_1525,0.0
torsion_1522,0.0
torsion_1521,0.0
morgan_545,0.0
morgan_544,0.0
morgan_541,0.0
morgan_537,0.0
morgan_536,0.0
morgan_535,0.0
morgan_524,0.0
morgan_520,0.0
morgan_518,0.0
morgan_517,0.0
morgan_514,0.0
torsion_1564,0.0
torsion_1562,0.0
torsion_1561,0.0
torsion_1558,0.0
torsion_1557,0.0
torsion_1556,0.0
torsion_1554,0.0
torsion_1553,0.0
torsion_1552,0.0
torsion_1551,0.0
torsion_1550,0.0
torsion_1593,0.0
torsion_1589,0.0
torsion_1588,0.0
torsion_1586,0.0
torsion_1585,0.0
torsion_1582,0.0
torsion_1581,0.0
torsion_1580,0.0
torsion_1578,0.0
torsion_1577,0.0
torsion_1570,0.0
torsion_1569,0.0
torsion_1566,0.0
torsion_1565,0.0
morgan_528,0.0
morgan_527,0.0
morgan_511,0.0
morgan_510,0.0
morgan_509,0.0
morgan_508,0.0
morgan_506,0.0
morgan_502,0.0
morgan_501,0.0
morgan_500,0.0
morgan_499,0.0
morgan_498,0.0
torsion_1606,0.0
torsion_1603,0.0
torsion_1598,0.0
torsion_1597,0.0
torsion_1596,0.0
torsion_1594,0.0
morgan_484,0.0
morgan_483,0.0
torsion_1623,0.0
torsion_1622,0.0
torsion_1621,0.0
torsion_1620,0.0
torsion_1619,0.0
torsion_1618,0.0
torsion_1617,0.0
torsion_1614,0.0
torsion_1611,0.0
torsion_1610,0.0
torsion_1609,0.0
torsion_1607,0.0
morgan_513,0.0
morgan_512,0.0
morgan_471,0.0
morgan_468,0.0
morgan_467,0.0
torsion_1639,0.0
torsion_1638,0.0
torsion_1634,0.0
torsion_1631,0.0
torsion_1630,0.0
torsion_1626,0.0
morgan_497,0.0
morgan_495,0.0
morgan_494,0.0
morgan_493,0.0
morgan_491,0.0
morgan_490,0.0
morgan_485,0.0
torsion_1665,0.0
torsion_1664,0.0
torsion_1662,0.0
torsion_1659,0.0
torsion_1654,0.0
torsion_1653,0.0
torsion_1651,0.0
torsion_1650,0.0
torsion_1646,0.0
torsion_1643,0.0
morgan_480,0.0
morgan_479,0.0
morgan_477,0.0
morgan_476,0.0
morgan_474,0.0
morgan_472,0.0
morgan_460,0.0
morgan_458,0.0
morgan_457,0.0
morgan_456,0.0
morgan_455,0.0
morgan_454,0.0
morgan_452,0.0
morgan_451,0.0
morgan_450,0.0
torsion_1678,0.0
torsion_1675,0.0
torsion_1674,0.0
torsion_1670,0.0
torsion_1669,0.0
torsion_1668,0.0
torsion_1666,0.0
morgan_443,0.0
morgan_440,0.0
morgan_438,0.0
morgan_436,0.0
morgan_435,0.0
torsion_1695,0.0
torsion_1694,0.0
torsion_1690,0.0
torsion_1689,0.0
torsion_1687,0.0
torsion_1685,0.0
torsion_1684,0.0
torsion_1683,0.0
torsion_1682,0.0
morgan_465,0.0
morgan_462,0.0
torsion_1722,0.0
torsion_1721,0.0
torsion_1718,0.0
torsion_1715,0.0
torsion_1709,0.0
torsion_1706,0.0
torsion_1705,0.0
torsion_1704,0.0
torsion_1702,0.0
torsion_1701,0.0
torsion_1700,0.0
torsion_1698,0.0
morgan_449,0.0
morgan_447,0.0
morgan_445,0.0
morgan_444,0.0
morgan_431,0.0
morgan_429,0.0
morgan_426,0.0
morgan_424,0.0
morgan_423,0.0
morgan_421,0.0
morgan_420,0.0
morgan_419,0.0
torsion_1734,0.0
torsion_1733,0.0
torsion_1731,0.0
torsion_1730,0.0
torsion_1729,0.0
torsion_1726,0.0
torsion_1725,0.0
torsion_1723,0.0
torsion_1759,0.0
torsion_1758,0.0
torsion_1757,0.0
torsion_1756,0.0
torsion_1755,0.0
torsion_1754,0.0
torsion_1753,0.0
torsion_1752,0.0
torsion_1750,0.0
torsion_1746,0.0
torsion_1742,0.0
torsion_1741,0.0
torsion_1738,0.0
torsion_1737,0.0
torsion_1736,0.0
morgan_433,0.0
torsion_1788,0.0
torsion_1786,0.0
torsion_1782,0.0
torsion_1781,0.0
torsion_1777,0.0
torsion_1776,0.0
torsion_1774,0.0
torsion_1773,0.0
torsion_1770,0.0
torsion_1769,0.0
torsion_1767,0.0
torsion_1766,0.0
torsion_1764,0.0
torsion_1762,0.0
torsion_1761,0.0
torsion_1760,0.0
morgan_417,0.0
morgan_416,0.0
morgan_415,0.0
morgan_411,0.0
morgan_410,0.0
morgan_409,0.0
morgan_408,0.0
morgan_406,0.0
morgan_405,0.0
morgan_403,0.0
morgan_402,0.0
torsion_1796,0.0
torsion_1794,0.0
torsion_1793,0.0
torsion_1790,0.0
torsion_1789,0.0
torsion_1827,0.0
torsion_1821,0.0
torsion_1820,0.0
torsion_1818,0.0
torsion_1817,0.0
torsion_1816,0.0
torsion_1815,0.0
torsion_1814,0.0
torsion_1810,0.0
torsion_1809,0.0
torsion_1808,0.0
torsion_1806,0.0
torsion_1805,0.0
torsion_1802,0.0
torsion_1801,0.0
torsion_1797,0.0
morgan_398,0.0
morgan_397,0.0
morgan_396,0.0
morgan_393,0.0
morgan_392,0.0
morgan_391,0.0
morgan_390,0.0
morgan_388,0.0
morgan_387,0.0
morgan_386,0.0
torsion_1838,0.0
torsion_1834,0.0
torsion_1832,0.0
torsion_1830,0.0
torsion_1829,0.0
torsion_1828,0.0
morgan_357,0.0
morgan_356,0.0
morgan_355,0.0
torsion_1855,0.0
torsion_1846,0.0
torsion_1845,0.0
torsion_1843,0.0
morgan_385,0.0
morgan_382,0.0
morgan_380,0.0
morgan_379,0.0
morgan_374,0.0
morgan_372,0.0
morgan_371,0.0
morgan_370,0.0
morgan_400,0.0
torsion_1888,0.0
torsion_1886,0.0
torsion_1882,0.0
torsion_1879,0.0
torsion_1878,0.0
torsion_1870,0.0
torsion_1865,0.0
torsion_1864,0.0
torsion_1862,0.0
torsion_1861,0.0
torsion_1858,0.0
morgan_369,0.0
morgan_367,0.0
morgan_366,0.0
morgan_362,0.0
morgan_359,0.0
torsion_1913,0.0
torsion_1912,0.0
torsion_1910,0.0
torsion_1909,0.0
torsion_1908,0.0
torsion_1905,0.0
torsion_1904,0.0
torsion_1902,0.0
torsion_1901,0.0
torsion_1898,0.0
torsion_1897,0.0
torsion_1896,0.0
torsion_1894,0.0
torsion_1893,0.0
torsion_1890,0.0
torsion_1889,0.0
morgan_353,0.0
morgan_349,0.0
morgan_348,0.0
morgan_346,0.0
morgan_344,0.0
morgan_343,0.0
morgan_342,0.0
morgan_341,0.0
morgan_340,0.0
morgan_339,0.0
morgan_338,0.0
torsion_1921,0.0
torsion_1918,0.0
torsion_1917,0.0
torsion_1915,0.0
torsion_1914,0.0
morgan_336,0.0
morgan_335,0.0
morgan_334,0.0
morgan_332,0.0
morgan_331,0.0
morgan_329,0.0
morgan_325,0.0
morgan_324,0.0
morgan_322,0.0
torsion_1941,0.0
torsion_1940,0.0
torsion_1934,0.0
torsion_1933,0.0
torsion_1931,0.0
torsion_1930,0.0
torsion_1922,0.0
morgan_308,0.0
morgan_307,0.0
morgan_306,0.0
torsion_1962,0.0
torsion_1961,0.0
torsion_1958,0.0
torsion_1957,0.0
torsion_1956,0.0
torsion_1954,0.0
torsion_1953,0.0
torsion_1950,0.0
torsion_1949,0.0
torsion_1948,0.0
torsion_1946,0.0
torsion_1945,0.0
morgan_337,0.0
torsion_1992,0.0
torsion_1990,0.0
torsion_1989,0.0
torsion_1986,0.0
torsion_1985,0.0
torsion_1982,0.0
torsion_1981,0.0
torsion_1978,0.0
torsion_1977,0.0
torsion_1974,0.0
torsion_1968,0.0
morgan_320,0.0
morgan_317,0.0
morgan_312,0.0
morgan_311,0.0
morgan_309,0.0
morgan_298,0.0
morgan_296,0.0
morgan_295,0.0
morgan_293,0.0
morgan_292,0.0
morgan_291,0.0
morgan_290,0.0
torsion_2011,0.0
torsion_2010,0.0
torsion_2009,0.0
torsion_2008,0.0
torsion_2004,0.0
torsion_2001,0.0
torsion_2000,0.0
torsion_1998,0.0
torsion_1997,0.0
torsion_2035,0.0
torsion_2034,0.0
torsion_2033,0.0
torsion_2032,0.0
torsion_2030,0.0
torsion_2029,0.0
torsion_2025,0.0
torsion_2022,0.0
torsion_2021,0.0
torsion_2018,0.0
torsion_2017,0.0
torsion_2016,0.0
torsion_2015,0.0
morgan_304,0.0
morgan_300,0.0
morgan_299,0.0
morgan_285,0.0
morgan_284,0.0
morgan_283,0.0
morgan_282,0.0
morgan_280,0.0
morgan_279,0.0
morgan_277,0.0
morgan_276,0.0
torsion_2046,0.0
torsion_2045,0.0
torsion_2044,0.0
torsion_2042,0.0
torsion_2041,0.0
torsion_2040,0.0
torsion_2039,0.0
torsion_2037,0.0
morgan_247,0.0
morgan_246,0.0
morgan_243,0.0
morgan_242,0.0
desc_NumRadicalElectrons,0.0
morgan_273,0.0
morgan_272,0.0
morgan_271,0.0
morgan_269,0.0
morgan_268,0.0
morgan_263,0.0
morgan_262,0.0
morgan_261,0.0
morgan_259,0.0
morgan_258,0.0
morgan_286,0.0
morgan_238,0.0
morgan_237,0.0
morgan_236,0.0
morgan_235,0.0
morgan_234,0.0
morgan_232,0.0
morgan_231,0.0
morgan_229,0.0
morgan_228,0.0
morgan_227,0.0
morgan_226,0.0
morgan_256,0.0
morgan_254,0.0
morgan_251,0.0
morgan_250,0.0
morgan_249,0.0
morgan_198,0.0
morgan_196,0.0
morgan_194,0.0
morgan_225,0.0
morgan_224,0.0
morgan_223,0.0
morgan_220,0.0
morgan_219,0.0
morgan_218,0.0
morgan_216,0.0
morgan_215,0.0
morgan_214,0.0
morgan_211,0.0
morgan_241,0.0
morgan_240,0.0
morgan_239,0.0
morgan_190,0.0
morgan_188,0.0
morgan_187,0.0
morgan_185,0.0
morgan_184,0.0
morgan_183,0.0
morgan_182,0.0
morgan_181,0.0
morgan_180,0.0
morgan_178,0.0
morgan_208,0.0
morgan_206,0.0
morgan_204,0.0
morgan_201,0.0
morgan_200,0.0
morgan_199,0.0
morgan_150,0.0
morgan_148,0.0
morgan_146,0.0
desc_SlogP_VSA7,0.0
morgan_175,0.0
morgan_174,0.0
morgan_173,0.0
morgan_172,0.0
morgan_170,0.0
morgan_169,0.0
morgan_167,0.0
morgan_165,0.0
morgan_163,0.0
morgan_162,0.0
morgan_193,0.0
morgan_192,0.0
morgan_114,0.0
morgan_144,0.0
morgan_143,0.0
morgan_142,0.0
morgan_141,0.0
morgan_139,0.0
morgan_138,0.0
morgan_135,0.0
morgan_131,0.0
morgan_161,0.0
morgan_159,0.0
morgan_157,0.0
morgan_154,0.0
morgan_153,0.0
morgan_152,0.0
morgan_151,0.0
morgan_109,0.0
morgan_108,0.0
morgan_105,0.0
morgan_104,0.0
morgan_103,0.0
morgan_101,0.0
morgan_100,0.0
morgan_99,0.0
morgan_98,0.0
morgan_128,0.0
morgan_126,0.0
morgan_124,0.0
morgan_123,0.0
morgan_122,0.0
morgan_118,0.0
morgan_116,0.0
morgan_73,0.0
morgan_72,0.0
morgan_71,0.0
morgan_70,0.0
morgan_69,0.0
morgan_68,0.0
morgan_66,0.0
morgan_97,0.0
morgan_96,0.0
morgan_88,0.0
morgan_86,0.0
morgan_85,0.0
morgan_82,0.0
morgan_113,0.0
morgan_111,0.0
morgan_110,0.0
morgan_61,0.0
morgan_60,0.0
morgan_59,0.0
morgan_58,0.0
morgan_56,0.0
morgan_55,0.0
morgan_53,0.0
morgan_51,0.0
morgan_50,0.0
desc_fr_Ndealkylation2,0.0
desc_fr_HOCCN,0.0
morgan_79,0.0
morgan_78,0.0
morgan_77,0.0
morgan_76,0.0
morgan_75,0.0
atompair_225,0.0
desc_fr_morpholine,0.0
desc_fr_lactam,0.0
morgan_33,0.0
morgan_32,0.0
morgan_30,0.0
morgan_29,0.0
morgan_27,0.0
morgan_26,0.0
morgan_24,0.0
morgan_23,0.0
morgan_22,0.0
morgan_21,0.0
morgan_20,0.0
morgan_19,0.0
morgan_18,0.0
atompair_218,0.0
atompair_216,0.0
atompair_215,0.0
atompair_214,0.0
atompair_212,0.0
atompair_210,0.0
atompair_209,0.0
atompair_207,0.0
atompair_239,0.0
atompair_238,0.0
atompair_235,0.0
atompair_234,0.0
atompair_231,0.0
atompair_230,0.0
atompair_229,0.0
atompair_226,0.0
